A,B
,Q
79,T
-6,S
,T
,T
73,T
-21,P
-69,Q
86,Q
20,T
-4,T
-36,S
-83,T
-5,Q
19,Q
-36,S
-95,Q
-21,P
23,Q
64,T
-67,R
-13,R
-95,Q
29,Q
89,P
-44,R
94,T
53,R
54,S
-41,T
-47,P
,Q
18,P
72,R
-39,R
0,R
52,P
-81,T
-35,Q
-41,R
-79,P
-29,P
57,T
-88,Q
8,S
32,Q
-45,R
-14,R
-95,R
40,S
54,T
-2,Q
-14,R
-73,R
-34,T
-20,P
84,Q
-61,P
-33,R
52,P
-88,R
42,R
97,T
6,R
19,R
35,S
90,P
5,P
-38,Q
31,P
-85,S
47,P
16,Q
8,P
-11,T
11,T
51,Q
-34,R
-67,Q
41,T
-55,S
-16,P
88,T
28,Q
38,T
63,R
-53,T
8,P
43,P
56,T
-96,P
88,R
-48,T
-67,S
-87,R
23,S
4,P
-51,S
52,S
-51,T
11,S
1,S
,P
-90,S
57,R
-88,T
,T
88,R
6,Q
37,T
-32,Q
-81,T
-86,P
89,T
-58,Q
6,T
-50,P
-38,R
-36,Q
90,S
26,R
-62,Q
57,T
-95,R
-53,S
32,Q
-97,S
74,R
-66,R
86,S
70,Q
,T
59,Q
-30,Q
-33,S
16,S
-52,R
-89,P
-44,S
-38,P
60,P
81,P
-55,R
-67,T
-89,P
-65,T
61,R
-55,P
88,Q
-78,T
-92,Q
81,R
,S
-65,Q
53,P
4,S
4,T
-35,R
67,P
3,T
60,S
78,R
21,Q
46,T
-76,S
24,Q
-38,R
-85,T
-69,R
71,S
-72,Q
-42,T
93,Q
78,S
62,R
-14,Q
-20,T
-52,S
-32,Q
19,T
35,S
33,S
49,Q
-70,S
51,T
-17,S
,T
5,P
-22,Q
-58,Q
69,S
-16,S
9,P
11,R
56,R
22,R
22,P
-51,T
69,T
28,P
,Q
32,T
-91,Q
35,P
69,P
-54,T
-79,S
-79,P
86,Q
-13,Q
87,Q
46,S
38,T
100,S
-2,R
-65,S
37,T
,P
28,P
-76,T
35,S
-38,T
-29,R
-13,P
6,R
-30,T
-15,R
74,T
3,R
41,Q
-90,Q
33,Q
-46,T
36,T
-50,Q
-19,R
14,T
-65,P
-71,Q
-28,P
-42,P
25,P
-10,T
-13,S
94,T
36,Q
85,R
24,P
74,P
-91,T
-68,Q
51,T
20,T
43,P
-64,Q
-24,S
2,S
59,P
-33,S
-46,T
90,Q
-75,R
-42,P
23,Q
-16,Q
62,P
12,P
-46,P
-66,Q
9,R
-31,T
-14,S
31,P
-90,R
22,R
-28,P
93,T
-70,R
-2,S
19,P
69,P
54,P
-16,P
-59,P
56,T
-8,R
-59,Q
-100,R
55,T
26,P
-9,P
42,Q
-28,R
-21,Q
36,T
-47,S
73,Q
45,P
-42,Q
-55,Q
-50,P
-19,Q
19,R
-62,R
-13,T
93,T
71,Q
42,R
46,Q
-36,P
-59,P
-40,P
-62,T
,P
-17,S
30,R
-53,S
71,P
94,T
-57,P
76,R
49,Q
62,P
-11,S
-74,R
,Q
83,Q
-24,S
-71,P
7,Q
63,S
56,R
53,R
-7,S
74,T
-52,R
-79,Q
-76,S
3,T
26,P
70,R
13,Q
88,Q
-88,P
56,Q
44,T
16,S
6,R
49,Q
2,Q
5,Q
-17,T
-29,P
37,R
-17,R
6,R
48,S
28,S
-6,Q
-2,R
-37,R
35,S
-96,Q
-83,S
15,R
-58,R
-69,R
65,P
-40,S
100,R
86,Q
45,P
-99,S
-63,Q
60,S
-62,S
39,P
-97,Q
-31,R
-36,S
81,S
16,S
-98,R
-13,R
-8,P
-80,S
14,T
-8,T
14,P
-15,P
-32,Q
-87,S
56,Q
48,S
95,P
13,S
-25,S
30,S
-41,P
-23,S
-71,S
-38,T
65,P
-37,Q
58,P
67,R
52,P
-55,R
-48,Q
46,T
-59,R
-44,T
-8,S
49,R
45,T
52,P
52,R
69,Q
-10,T
77,T
-80,R
48,Q
86,R
-78,S
31,R
85,T
-13,S
32,T
13,T
-82,Q
-67,R
-80,T
96,Q
,T
-89,T
-90,S
-58,Q
78,Q
81,T
,R
-23,S
50,S
25,P
-88,S
-85,P
,P
89,R
-82,T
11,Q
-40,R
7,R
82,R
-97,T
-20,Q
84,S
-81,P
-15,Q
49,T
-49,T
-16,S
-89,Q
-48,Q
-37,Q
-81,T
94,P
59,T
-90,R
14,S
19,P
-72,P
89,P
,Q
20,R
-36,T
-52,T
45,R
-24,S
-59,S
-50,T
-55,T
-21,P
23,R
-43,T
22,Q
-38,S
-87,Q
-26,P
21,T
58,P
-83,S
-18,P
1,R
16,P
,R
13,T
-60,S
-38,Q
-58,S
-55,Q
-57,P
83,P
,Q
17,S
-40,S
-13,T
43,S
-29,S
94,T
,R
50,T
17,S
52,Q
-95,S
73,Q
-19,S
,R
28,T
33,T
90,R
10,P
,S
30,P
-59,S
-55,S
-19,T
53,P
79,Q
-94,T
-44,Q
-97,P
43,S
52,R
34,T
11,T
,P
-48,Q
19,Q
,T
-53,S
47,Q
40,R
93,Q
-2,R
-26,R
-87,P
24,R
73,S
57,S
-82,Q
9,P
-70,T
5,R
38,T
-20,Q
-77,S
-75,P
,Q
36,P
6,S
18,Q
-24,P
39,T
-3,T
-2,Q
57,Q
97,P
,P
2,S
9,S
-36,Q
-59,R
25,Q
99,T
67,S
32,T
25,T
45,T
42,T
-36,R
97,Q
85,P
-86,P
-66,R
72,S
-75,R
64,T
-38,P
-65,Q
21,P
-92,Q
-16,Q
9,S
-67,R
-59,R
74,Q
64,T
-25,T
75,R
-56,P
41,P
77,T
-66,Q
79,T
-73,S
-3,P
33,Q
-40,R
-86,P
-57,P
-10,R
86,Q
-57,T
-45,Q
1,Q
-37,Q
-72,Q
,Q
98,P
-80,S
94,Q
-28,T
89,Q
6,T
0,P
-52,T
-17,Q
32,R
69,Q
18,S
-44,Q
-17,S
36,T
99,Q
24,R
-43,R
-39,R
-42,R
-15,T
51,Q
-46,P
-30,R
5,T
-15,T
-75,R
59,R
-63,Q
-43,T
-39,Q
-71,S
20,S
-96,P
-90,Q
52,T
-15,T
-86,P
67,R
-98,Q
42,T
-53,Q
73,S
55,P
-30,T
-65,Q
-84,S
-54,S
-69,S
36,T
-77,P
21,P
-18,P
60,T
52,S
41,S
-73,S
-71,S
83,R
89,Q
14,S
-80,P
-48,P
95,Q
-47,Q
-81,S
-11,R
5,Q
-87,S
-20,Q
22,S
-25,T
39,S
28,Q
-44,T
-21,R
-6,P
-100,S
-27,Q
63,P
1,S
65,S
,Q
-6,P
-36,T
-70,R
-15,P
-42,Q
99,S
69,P
89,Q
60,Q
-63,Q
,R
76,Q
13,T
52,Q
-43,T
43,S
69,T
70,P
-84,Q
42,T
-79,P
-15,S
14,P
14,Q
-67,T
-83,T
37,R
-89,R
59,S
26,P
63,S
-92,Q
-86,R
40,P
67,S
91,R
-96,S
82,T
-40,S
9,S
22,P
10,S
-60,T
47,R
89,P
-24,T
3,P
15,S
-51,R
34,P
-45,P
78,Q
97,R
86,Q
-35,R
-44,T
-5,R
63,R
-84,P
84,T
27,R
-96,P
10,S
1,T
-90,T
,R
55,P
,T
-50,R
50,P
62,S
-11,P
-70,Q
-57,P
-36,R
31,T
71,R
-51,T
-22,T
67,P
11,S
93,Q
-2,R
8,S
67,S
-54,T
54,P
-31,S
-72,Q
-26,S
2,Q
-59,Q
93,R
-91,Q
-9,T
93,T
-15,Q
40,P
38,R
-9,T
38,R
61,P
-63,T
-43,S
43,S
,S
-1,S
-70,Q
67,T
35,R
26,Q
39,Q
52,T
76,S
-18,Q
-71,T
72,R
1,R
23,T
-58,R
11,Q
62,P
,P
-49,Q
-13,T
54,R
71,R
77,R
,R
-79,P
80,T
3,S
-98,P
-57,Q
-86,P
66,S
70,T
24,P
-43,Q
-35,R
,Q
,P
4,S
-43,Q
-62,R
-2,T
93,T
27,T
27,S
,S
-54,P
10,R
-67,R
-28,Q
41,S
15,T
91,T
27,T
-78,R
-37,S
-93,S
84,R
-8,R
3,S
-36,Q
9,T
-95,P
-76,T
,P
-58,T
70,T
52,R
-17,S
-85,T
-76,P
71,P
63,R
26,S
96,R
17,R
-99,S
70,Q
100,S
-97,P
-18,S
-9,S
-14,P
18,T
74,Q
25,S
-2,S
-31,Q
54,S
-27,Q
-46,T
85,S
-40,T
-55,T
-3,T
,P
-62,P
79,P
-57,T
85,Q
-87,P
-9,R
83,Q
78,S
-28,P
-72,P
21,R
-5,R
-70,R
66,T
-96,Q
-50,T
-77,S
26,S
55,S
-85,T
-90,Q
15,T
-84,P
99,Q
73,R
4,S
12,S
-76,P
61,Q
-33,S
-11,S
59,Q
64,P
,T
-63,T
-61,P
57,S
-38,T
50,Q
-13,S
10,T
-21,S
-10,T
-5,P
-59,Q
40,R
61,S
-81,P
-57,R
-33,T
49,Q
-66,P
43,S
-49,Q
97,Q
,R
90,T
-93,S
-81,R
16,T
-4,T
-56,R
21,R
-1,S
89,P
7,Q
-48,R
-3,Q
-97,S
94,Q
-1,Q
-66,T
-84,S
70,S
-50,Q
-57,S
-37,Q
,R
1,P
24,P
19,Q
-81,R
-67,P
5,R
-62,P
-8,T
-14,Q
,P
-24,T
18,R
-56,Q
-22,T
-26,S
-91,S
-75,T
-98,R
,R
22,T
-38,P
58,S
19,R
-13,T
-3,R
-4,Q
-96,T
88,T
18,R
71,R
-16,R
-29,Q
-21,T
28,S
56,Q
-96,P
15,Q
63,S
-20,Q
,R
-84,P
-56,Q
-25,T
96,P
-78,S
34,Q
32,Q
57,S
52,S
79,T
-43,T
93,R
-60,S
-97,Q
-10,R
,R
-44,Q
-81,T
98,T
-100,Q
72,R
86,P
-93,P
96,P
32,P
-95,P
46,P
44,Q
-57,T
,Q
57,P
-1,P
54,S
22,P
81,S
-84,S
14,S
79,Q
41,R
39,Q
20,T
-62,T
32,Q
-4,Q
,P
67,P
89,R
-53,T
-92,S
,T
-97,S
-88,R
-47,S
,T
-31,R
73,R
-3,Q
7,R
-44,T
48,S
21,R
-44,Q
-7,Q
-10,R
46,Q
-41,T
-2,P
7,P
-4,R
24,T
,S
78,P
-43,R
-5,S
-93,P
28,T
-65,Q
-80,P
-65,Q
46,Q
-60,Q
30,P
-14,P
-65,Q
-87,T
-1,Q
-66,R
-86,P
-86,T
-14,P
38,P
25,Q
98,T
97,T
-72,P
-78,R
-11,T
,Q
-4,S
61,R
,Q
30,S
-6,P
,T
70,S
-83,S
,Q
-43,T
-81,T
63,S
71,R
-97,Q
33,Q
56,Q
57,T
-4,P
13,Q
-69,P
-39,Q
27,S
-7,S
10,P
58,P
-80,Q
-38,R
-80,Q
53,Q
-6,P
-7,S
6,S
70,S
-30,R
88,P
71,S
33,Q
-56,Q
-36,S
-23,Q
-25,T
-44,P
,T
55,Q
-34,Q
91,R
-69,T
10,R
-1,P
91,T
-71,T
-95,R
,R
-98,Q
-27,Q
18,T
4,S
85,S
73,P
-47,S
-84,T
-8,R
-59,P
-58,R
72,P
-54,R
27,Q
80,S
6,R
-32,R
-49,R
-48,S
-5,P
-51,Q
80,S
-90,T
87,T
67,S
10,T
-39,S
34,R
66,S
-28,Q
10,P
-40,S
19,R
68,R
16,Q
15,P
-7,S
0,T
-16,S
62,P
20,T
-53,T
0,T
58,P
-82,P
-14,Q
-18,T
65,R
57,S
28,S
-66,R
-21,T
-69,T
-65,R
8,P
80,T
-17,P
17,T
90,P
-84,Q
-50,P
13,P
98,R
53,R
-42,Q
53,Q
85,R
43,P
-61,Q
-42,Q
-59,R
65,Q
100,S
34,T
-87,Q
-5,P
6,P
-30,Q
22,T
18,P
-38,Q
81,S
-61,Q
63,R
-93,P
-18,S
67,T
51,P
-33,S
-85,T
-18,Q
,T
97,T
-70,R
52,P
-34,P
49,S
73,T
-53,P
-36,S
92,R
65,S
76,T
22,Q
25,P
-46,S
21,Q
-62,T
-65,S
-5,R
95,S
-43,T
-84,T
-76,S
-7,P
18,R
49,R
44,R
45,Q
15,P
-14,T
16,P
70,T
37,R
-73,S
1,S
45,S
32,T
-61,S
-40,R
19,Q
47,P
77,Q
-90,S
-2,S
86,T
-67,S
-30,P
-36,P
95,P
39,R
-74,S
-47,R
-7,R
-97,P
-68,R
-19,S
14,R
-11,R
-49,P
-5,T
-61,P
-10,S
-1,S
-93,T
37,S
-88,R
63,S
59,P
-48,P
27,P
-3,P
-54,P
,Q
-23,Q
25,R
-27,S
64,Q
-9,S
-29,Q
-63,R
84,Q
-38,R
33,T
75,T
46,Q
-49,R
49,Q
51,T
98,R
32,R
-15,Q
-10,P
94,P
9,S
55,Q
-17,Q
-86,T
-85,P
-62,R
7,R
-50,R
66,T
-29,R
36,Q
-90,P
45,R
-25,R
-87,Q
2,S
4,R
57,P
43,S
74,P
61,P
-20,P
30,T
,P
23,S
41,R
,T
8,T
-52,Q
58,P
-16,T
47,P
-51,S
,Q
-80,Q
-53,Q
-87,Q
-26,S
-23,S
47,S
-74,Q
-2,P
1,P
-87,S
-91,T
60,R
27,T
67,Q
24,S
-14,T
20,Q
69,Q
34,Q
98,P
-37,Q
17,R
39,T
50,Q
87,Q
-6,Q
-50,S
66,R
79,S
-79,R
,R
-63,Q
-88,S
-69,P
76,T
,T
-13,T
-89,Q
-100,T
-75,R
54,S
35,S
-76,R
-17,Q
68,S
22,T
89,R
92,P
9,T
-33,Q
26,S
-83,Q
10,Q
-7,T
,T
-73,R
-38,T
-26,R
5,R
-20,R
2,Q
-80,S
-83,R
93,Q
,T
-36,S
-100,R
95,T
-55,T
-48,T
-60,S
62,P
28,R
27,R
-82,T
-24,P
90,P
17,S
12,R
,T
-26,T
-100,Q
-50,P
-42,T
61,P
-95,T
-76,P
-33,T
-49,T
-42,R
-38,R
-25,T
-17,P
96,R
69,Q
4,Q
-20,R
-56,S
92,T
,T
-95,P
62,R
30,T
-97,S
-41,R
-95,T
-62,Q
-96,T
79,S
9,T
-42,P
-91,Q
-4,Q
-25,Q
-22,R
-99,T
94,Q
41,S
-3,T
68,P
-37,P
-44,S
94,R
-21,R
75,P
89,Q
46,Q
-6,R
82,P
44,S
-77,Q
-76,S
-39,T
,R
21,S
42,T
57,Q
42,T
75,S
0,Q
-14,S
-96,T
-41,S
70,S
-65,R
-4,S
-42,R
-53,R
-100,S
78,Q
25,R
78,S
56,S
39,S
,P
-12,S
76,Q
-41,Q
100,R
-90,P
-9,S
-95,P
-95,S
-96,R
46,P
,P
-2,S
45,R
67,P
-82,P
43,T
-52,T
-23,R
0,P
20,Q
79,Q
-36,P
-76,Q
-39,T
-20,Q
-73,P
,R
2,P
7,Q
92,Q
68,P
,S
,Q
-67,R
-1,R
20,R
35,R
64,R
78,R
0,T
95,T
-59,Q
53,R
6,P
-37,T
-27,Q
100,R
57,R
-88,Q
40,T
9,S
-94,P
-37,P
86,Q
-66,Q
-97,S
7,T
-27,S
-89,S
-22,T
-45,R
,S
66,T
65,P
-53,R
-4,Q
17,S
-6,T
-80,Q
-59,P
-90,T
23,S
-33,R
46,Q
62,P
8,T
-21,Q
-65,P
57,P
46,R
-89,R
-67,P
1,S
-17,Q
-47,P
-81,R
-23,S
31,R
38,S
43,R
-12,R
-35,T
-16,R
-3,S
-29,P
-94,Q
40,R
-48,Q
-86,P
-18,Q
-41,Q
,T
,S
-4,T
,T
-21,P
53,S
35,T
42,P
53,R
55,S
-100,Q
81,P
-4,R
89,Q
28,R
98,S
-3,T
-77,T
41,S
52,P
-75,T
,Q
64,Q
69,Q
-86,Q
32,P
-10,Q
99,P
-1,T
93,P
-40,T
9,Q
-66,R
18,T
77,T
-80,Q
-68,S
-46,T
-98,R
62,R
,Q
-49,T
84,P
-82,P
18,Q
-84,R
-25,R
-52,Q
94,P
-42,T
84,P
,P
-40,Q
,R
-45,Q
,Q
,R
-18,Q
-60,S
82,S
72,P
,S
-50,P
,S
7,S
25,S
38,R
35,S
-12,R
-73,T
,P
-24,Q
-18,T
45,S
44,Q
87,S
17,R
78,R
24,Q
5,S
-37,Q
-74,P
-83,S
23,R
42,T
-86,S
-37,R
-49,P
98,Q
-67,Q
-5,P
75,R
-91,R
64,T
42,S
47,S
42,Q
-32,P
-31,Q
16,R
50,P
-90,Q
21,T
4,P
-27,Q
15,S
73,Q
92,T
-81,T
71,Q
-38,R
-95,Q
,S
-64,Q
78,T
7,P
,P
0,R
-15,T
-100,T
67,T
-70,T
-73,Q
-88,S
-5,T
38,P
-55,R
20,Q
-48,R
67,R
22,T
72,P
43,P
65,P
5,R
27,S
-12,R
-54,P
-75,P
-49,T
-23,S
-68,R
87,Q
-98,Q
-55,R
-15,S
-71,Q
-49,R
-71,Q
,Q
37,R
-6,P
-83,T
-52,P
-29,P
,R
32,T
34,Q
77,S
19,S
-52,Q
-76,T
-24,R
33,S
-75,R
-90,R
48,T
-68,R
2,P
,R
-35,Q
60,S
84,T
-19,T
49,R
-98,Q
-75,Q
29,S
-17,P
-100,P
-34,T
0,P
15,R
90,P
-62,P
-23,T
94,Q
-56,P
,Q
33,T
65,R
-80,R
12,R
6,T
-45,R
-65,S
53,Q
53,S
41,Q
56,R
90,P
-64,R
98,Q
-33,S
-34,S
-100,R
-91,S
-21,S
-4,Q
-75,T
7,P
-78,T
81,P
-17,S
16,S
-29,T
-13,R
-65,P
-65,S
-4,R
-69,S
-74,S
5,Q
98,T
-63,P
81,R
5,P
-55,R
88,Q
-10,T
34,Q
30,S
-28,R
15,T
-26,P
-59,P
-33,P
-67,S
2,T
60,Q
74,S
-93,T
-31,Q
-85,S
-67,S
24,R
37,P
-21,S
-89,P
-4,Q
-96,S
40,S
95,R
90,S
-33,P
90,Q
-87,R
-52,R
-50,Q
62,P
55,P
-44,T
,Q
-82,T
43,P
-83,T
-8,S
-6,P
-75,Q
24,R
-89,Q
-80,S
-63,T
-80,T
74,S
-72,Q
-60,S
85,R
96,R
-8,Q
16,R
-93,Q
70,R
2,S
92,S
97,P
,S
65,T
-68,R
27,P
-3,Q
30,T
-19,T
-1,P
-14,P
86,R
-72,R
-12,R
83,R
-24,T
-46,Q
-7,S
41,P
-86,P
64,S
13,P
-61,T
-51,T
-15,T
25,S
-50,S
73,T
69,T
29,Q
-11,P
-15,R
34,Q
85,P
-15,R
83,T
10,Q
59,T
96,S
-98,Q
55,T
49,T
72,R
34,P
5,R
-1,T
-94,S
84,S
61,S
,T
76,S
-38,P
,T
80,Q
94,R
-41,T
1,T
-9,Q
-42,P
-13,P
-83,S
79,R
-38,P
18,Q
-47,Q
,R
-11,P
-20,R
,T
-29,R
64,R
-14,P
-79,S
-15,R
5,S
46,S
,Q
60,S
-93,P
13,P
-72,T
-100,P
-46,T
41,S
-65,Q
-74,R
74,S
-58,S
-1,Q
-19,R
-65,S
-80,S
-50,S
86,R
15,T
46,P
89,P
-43,Q
-52,R
-72,S
-32,T
-44,P
81,P
-52,T
-36,Q
78,S
22,Q
65,S
79,T
-46,T
76,S
64,Q
93,Q
67,R
-8,T
-23,Q
-12,T
0,P
14,Q
-86,T
78,Q
,P
-35,S
-34,T
35,T
16,Q
4,S
,T
-17,S
-58,P
3,Q
49,S
59,Q
68,P
-69,P
-66,Q
,T
,Q
-69,S
-84,T
-97,T
71,T
11,R
8,R
63,P
-12,P
85,T
2,P
-64,S
-5,S
41,T
-55,P
-4,S
-3,S
-11,S
-8,R
85,Q
-30,S
-22,S
74,P
-60,S
-30,R
-10,P
40,T
-62,S
-50,R
75,Q
64,R
77,R
4,T
63,P
-33,S
-44,P
100,R
-90,P
36,T
86,R
-62,R
-19,S
96,Q
-18,S
-77,R
42,R
-87,Q
40,Q
5,S
80,S
16,R
9,P
99,T
95,T
-79,Q
-61,S
93,R
39,Q
-61,S
79,R
-53,T
48,P
-32,Q
32,P
24,Q
-63,Q
-73,S
69,S
-72,S
-100,Q
76,R
-82,S
97,P
-49,Q
-15,T
-99,Q
-97,T
88,S
16,T
34,Q
92,T
57,R
43,Q
32,P
-100,Q
-57,P
60,P
3,P
-48,Q
8,P
-12,P
-53,Q
-89,P
,P
57,S
60,Q
77,T
58,T
-35,R
91,R
-42,S
-21,S
17,Q
-4,T
-39,R
-87,R
-98,S
28,Q
2,P
-27,R
1,R
-83,R
-21,S
19,S
4,R
-35,P
-58,R
-68,S
-63,S
17,Q
90,S
-69,R
-42,T
21,R
73,S
-94,P
-80,Q
-68,R
100,S
28,S
85,T
98,Q
-6,P
42,T
-13,T
86,T
45,P
78,R
-2,R
32,P
,R
,S
-88,S
40,P
95,R
-15,Q
-96,S
41,Q
28,S
33,P
-4,S
77,Q
29,S
-12,S
-34,T
9,T
-81,Q
-38,Q
86,T
67,Q
68,S
10,T
1,Q
36,T
-2,S
59,S
74,Q
-16,P
-22,S
10,P
33,S
88,P
40,T
37,T
-74,T
-3,P
52,Q
15,P
16,P
81,Q
54,P
53,R
55,S
90,S
24,S
-86,P
54,Q
-43,Q
-64,T
65,Q
-48,R
-59,T
-5,Q
-99,T
53,P
-76,P
92,T
-54,S
-18,R
-77,P
1,P
-95,S
26,S
-14,P
-38,S
-29,S
-55,Q
-47,S
,P
-48,P
,R
31,P
100,R
47,P
97,Q
-52,R
-33,R
62,R
49,S
89,S
55,Q
-54,Q
97,Q
-85,Q
-86,T
-60,Q
,Q
93,R
50,T
17,T
55,Q
64,Q
31,R
57,R
82,P
75,Q
13,T
85,Q
-2,S
-10,P
-4,S
63,T
-55,T
-53,S
-48,R
38,T
-43,P
-83,R
-9,T
-5,Q
-18,S
37,P
-3,P
-39,P
,R
-31,T
73,Q
16,P
36,Q
82,R
-87,P
80,T
59,T
-86,Q
65,S
-90,S
30,Q
28,T
-3,T
72,S
-87,P
,Q
-89,P
73,P
-25,T
-78,P
-70,Q
-16,R
-75,S
57,T
-3,S
-84,Q
-11,P
-43,T
-41,P
2,T
-46,P
-42,R
3,P
,T
-65,S
-53,R
-51,S
3,R
77,T
-69,T
-51,Q
35,P
-40,P
-9,R
61,Q
-9,S
-66,R
-4,T
72,S
2,R
41,P
81,S
-13,T
14,P
3,T
13,R
30,R
-48,R
15,S
-41,P
-93,Q
,R
-89,T
29,T
91,Q
56,Q
45,Q
48,P
50,P
-29,R
-68,Q
62,T
-57,R
15,P
-8,P
19,S
,P
28,Q
23,R
-80,T
12,P
-19,R
-3,S
39,R
-99,S
-12,P
96,S
-55,S
31,T
64,R
-28,P
-96,R
,Q
-100,T
83,R
-27,R
,P
56,P
-25,Q
-94,T
99,Q
13,P
-59,R
-51,T
,S
25,R
90,R
-64,P
42,R
24,S
-72,S
-39,S
-20,Q
-52,S
22,T
96,S
-99,T
-40,R
98,R
41,R
26,R
-73,T
-60,S
96,S
-61,P
24,S
27,T
-92,Q
-10,R
-15,S
47,P
,S
-13,P
-83,T
-22,S
47,Q
-15,T
64,P
,S
-38,Q
46,R
-64,R
81,P
-58,R
-86,T
-95,T
3,T
-69,Q
-44,R
16,Q
13,T
13,Q
-35,R
-61,S
62,P
75,P
-89,R
-90,S
71,R
,R
-58,R
-95,S
-3,R
-16,P
93,P
55,S
55,S
90,R
,T
,S
27,P
-85,R
-89,T
50,S
-63,S
60,S
54,R
,T
-6,P
-47,T
70,Q
-72,P
-91,T
61,T
31,T
-90,S
-28,T
69,T
-75,R
74,R
-45,P
92,T
60,R
,Q
-62,R
99,S
-75,S
-67,S
-13,P
-12,R
9,R
24,P
64,R
74,S
64,R
-68,P
-99,P
67,R
33,P
-91,R
-49,S
100,Q
60,S
21,R
-46,R
50,T
-18,T
,P
-86,S
89,P
-33,P
44,P
-3,T
-76,T
-58,S
26,S
-94,Q
-38,T
-34,R
-5,Q
,R
-3,S
78,R
28,S
-48,Q
-46,Q
-8,Q
-44,P
21,P
-60,R
9,R
24,T
-18,P
-49,T
-62,P
6,T
28,T
-47,S
37,R
-55,S
-41,P
-14,Q
-64,S
-44,S
-89,P
-29,T
30,Q
7,T
-28,P
-18,P
-56,T
27,Q
51,S
39,Q
61,Q
-2,R
15,S
-56,T
-59,Q
91,P
23,S
78,Q
18,P
-4,S
23,T
-80,S
18,T
-24,Q
,Q
51,S
48,S
-15,P
-14,S
34,P
-69,Q
-88,R
86,T
,T
-77,R
75,Q
-36,P
98,Q
-68,T
-71,P
16,S
,R
85,R
32,T
-13,T
-82,S
79,S
86,S
73,T
-84,T
39,R
-87,P
-99,S
56,Q
34,S
-87,R
-14,T
67,T
-54,Q
-66,T
30,P
-81,R
-80,S
60,Q
-42,T
94,S
-80,Q
-35,R
73,S
,S
-83,T
26,R
-96,T
86,R
-34,Q
5,Q
-47,S
-26,Q
26,R
-94,S
-71,P
-3,R
88,S
-10,R
55,S
73,P
83,P
-74,S
-94,P
23,S
-6,P
-16,Q
-55,S
-61,Q
18,R
-34,S
92,Q
-67,P
-28,T
-19,S
0,S
-26,S
20,R
-13,P
-96,P
38,S
-63,T
-74,P
-88,P
56,P
53,T
36,Q
-74,S
-11,T
7,T
-96,T
-4,P
0,R
27,P
78,R
-63,P
,Q
-100,S
-83,Q
92,R
81,Q
-85,Q
-83,Q
92,R
-69,Q
95,P
-12,T
-64,R
15,S
77,S
-73,Q
-81,R
59,S
,S
-8,T
-44,R
10,P
38,R
94,P
-56,P
35,R
92,R
-88,T
93,R
92,Q
39,R
20,Q
-34,R
-38,R
21,T
10,R
17,Q
71,P
17,P
81,S
53,Q
13,R
71,R
1,R
99,P
-30,P
-93,S
-97,Q
-1,S
,P
98,R
-50,T
-56,P
28,S
17,R
-69,P
41,P
-16,S
42,S
28,R
37,Q
68,P
-34,R
66,P
57,P
28,T
-46,Q
24,P
-60,P
-15,S
84,P
34,Q
72,Q
72,S
-33,T
75,R
-94,R
-77,Q
-34,S
-33,Q
26,Q
-50,S
56,T
30,R
-63,S
-99,P
49,P
,Q
-81,T
-17,R
,Q
44,S
-79,Q
73,R
71,S
-99,Q
28,P
-70,R
-95,P
70,R
40,S
57,T
58,P
-55,T
-18,S
43,Q
-34,T
-23,R
91,Q
-33,P
79,T
86,R
41,Q
-90,T
-71,R
-62,R
-78,P
-39,Q
-51,P
,Q
-97,P
94,R
-15,P
95,R
47,P
-48,S
-47,T
-16,T
-11,Q
14,Q
0,T
-74,T
-67,S
55,R
41,P
41,Q
40,S
7,R
34,T
9,Q
17,R
-4,P
-88,P
-58,R
-75,Q
-10,R
97,P
-32,S
20,T
83,T
-70,T
2,R
36,R
99,P
62,P
46,T
2,P
-25,R
-86,T
96,R
-34,T
,S
-77,Q
26,P
51,Q
-54,Q
-41,Q
-3,R
99,S
-24,T
-65,R
92,T
89,R
-75,T
37,Q
-27,R
4,P
80,P
28,T
-58,T
-62,T
94,R
-14,P
-53,S
-32,R
-46,S
76,R
-57,T
41,R
98,R
-14,Q
,R
-97,S
41,R
-57,Q
22,T
-41,Q
42,R
-52,Q
-91,T
-48,P
-20,Q
-62,P
-55,P
47,S
-45,Q
-57,P
-31,P
-73,R
-92,S
-49,Q
-45,P
100,T
-96,P
-78,R
88,R
-46,P
-32,S
-59,R
-1,R
-86,P
-59,S
-100,R
96,P
-15,R
66,S
25,R
-61,P
53,Q
-10,S
-33,S
37,R
87,S
-49,T
7,S
98,R
-82,R
-98,Q
84,R
52,T
-34,P
,R
-61,T
35,Q
-61,R
91,Q
-42,R
-21,R
60,T
84,Q
,Q
-32,T
47,R
-18,T
39,T
-64,P
8,T
-73,Q
-30,T
-60,Q
-21,S
-19,T
-79,P
28,R
49,Q
35,T
-96,P
-31,T
24,T
-46,T
21,T
31,P
-25,T
-25,R
41,S
,P
80,S
-50,Q
,P
-13,S
88,R
15,P
,R
-30,P
3,Q
-76,Q
8,P
-73,T
-26,P
-65,Q
38,S
76,T
85,S
23,P
50,Q
-7,S
-39,S
-2,S
-32,R
-32,P
62,P
18,T
43,S
77,Q
-51,R
77,P
49,S
,Q
,S
-30,S
80,Q
50,Q
-25,P
8,R
60,R
58,Q
-54,R
23,R
-72,P
96,S
-31,S
55,S
-72,R
-84,Q
-3,T
-44,T
-64,P
84,P
-36,T
-42,Q
-91,R
65,Q
-99,P
-72,S
-63,P
-68,R
-68,Q
-68,S
76,R
15,T
-8,T
11,P
4,P
20,Q
2,S
-13,S
-16,T
-27,S
-71,Q
-26,P
-28,P
-76,T
29,S
100,P
-91,R
,Q
34,R
-24,S
-16,T
33,Q
-66,T
88,P
33,Q
-18,T
-70,Q
64,P
64,T
-39,S
81,S
-28,R
50,S
54,Q
67,S
16,R
84,T
-43,P
98,P
28,R
46,Q
-100,P
-47,T
-83,T
55,R
-58,Q
31,R
36,S
-47,T
-73,Q
-4,R
4,P
-5,Q
92,T
-42,T
-91,R
-24,R
-84,P
55,Q
-31,Q
61,T
23,T
15,Q
71,R
94,Q
80,R
-36,S
-30,S
16,P
34,P
59,R
38,R
-95,T
18,T
93,R
5,S
11,S
69,S
39,P
21,T
,S
,S
15,Q
-18,S
40,Q
-22,S
-98,S
-57,R
59,R
82,R
67,R
57,S
-96,T
-2,Q
96,S
97,R
-74,P
-66,P
-91,P
-54,P
-68,R
-45,S
-75,S
100,R
-99,P
-51,S
23,Q
39,P
-20,T
-17,Q
93,S
-23,Q
78,R
-16,T
96,R
10,Q
-66,Q
-82,S
58,T
-81,T
42,T
-37,Q
75,S
37,R
24,T
-50,Q
6,P
43,S
88,S
8,R
-44,P
-34,T
64,R
-67,R
-99,S
68,Q
-85,Q
56,P
68,P
-55,Q
-72,R
43,T
77,Q
-15,T
-8,Q
-6,S
-1,R
-94,Q
-62,S
90,S
-36,S
-72,P
7,R
-58,Q
,Q
87,T
-79,Q
5,P
-67,S
94,S
99,Q
-16,Q
78,T
-72,S
34,T
-29,S
-55,S
98,T
63,P
47,R
-20,Q
-22,T
96,Q
76,P
27,P
74,S
-55,T
-55,Q
-19,Q
93,T
-71,Q
33,Q
-100,S
-65,Q
51,R
97,P
84,S
-51,S
-53,T
98,T
97,Q
-54,P
-61,P
-64,T
-88,S
-53,P
-16,Q
71,R
22,R
92,P
,R
,T
89,S
62,Q
76,P
-46,T
82,S
10,P
-6,Q
-88,T
-15,Q
-25,R
47,T
-99,R
50,Q
-89,T
88,Q
,Q
-40,Q
59,P
-66,R
-59,R
19,S
45,P
86,R
-68,T
88,P
31,S
14,T
5,T
-40,P
-94,Q
-90,T
-54,S
-76,S
-43,P
,Q
67,P
70,S
-65,T
62,S
-46,R
68,T
-92,R
24,Q
-65,S
-69,Q
-22,T
80,P
96,S
-56,Q
-65,Q
40,R
46,T
89,R
11,Q
,Q
87,S
-48,R
-26,R
35,T
32,S
11,Q
-21,P
-21,R
,S
89,P
57,S
-6,Q
-18,T
99,P
-23,R
43,T
81,P
64,T
-5,T
-14,T
29,Q
0,R
-32,Q
-40,T
48,Q
52,P
34,T
23,P
-97,T
-76,P
30,Q
-69,S
65,Q
47,P
-98,T
-95,R
41,T
17,S
85,R
-79,R
-14,T
-62,T
-72,S
77,P
-27,Q
-3,T
30,R
-15,T
-85,T
-98,P
78,T
28,P
56,R
33,Q
-77,R
-64,R
49,R
-45,R
22,T
96,P
-27,Q
-88,S
57,R
1,S
84,S
99,P
25,P
9,Q
-80,P
-85,S
11,T
-71,T
-20,Q
-16,S
-98,P
5,R
-97,S
-82,Q
-34,P
-93,P
69,R
22,T
,T
-11,T
-48,R
-58,T
67,T
-20,T
61,S
38,S
96,S
9,T
-75,Q
8,Q
-7,P
4,S
62,P
89,Q
-47,S
89,R
10,T
87,P
-55,S
86,T
-80,Q
76,P
73,T
-90,P
77,T
-90,S
82,Q
-28,Q
,P
15,Q
-60,T
,Q
3,Q
87,Q
26,R
11,Q
-28,P
64,Q
-89,Q
41,P
-12,S
37,T
11,S
10,S
36,R
80,P
27,T
22,R
-74,P
0,T
-3,T
92,S
-78,T
-12,Q
-79,T
80,P
42,Q
29,S
-66,T
68,P
91,R
-80,S
-55,P
6,S
-29,T
15,P
-63,S
51,T
,R
35,T
65,T
-47,T
38,T
56,T
-95,Q
36,P
-77,Q
14,P
-71,S
-53,R
55,Q
29,S
-100,P
-90,P
-55,S
27,Q
-43,P
-83,R
-33,R
13,T
27,Q
-52,S
-91,Q
-11,T
62,S
77,S
96,R
-55,S
0,R
-41,S
-17,P
-81,R
-81,R
17,S
39,S
,T
-57,P
79,T
69,Q
-89,P
9,R
-88,S
74,S
44,S
63,R
48,Q
46,P
-68,T
17,Q
49,Q
,Q
-32,T
44,R
-54,T
78,T
-70,P
-91,R
22,Q
-55,S
,R
-32,Q
-40,Q
99,T
20,S
-7,Q
5,Q
49,T
-22,Q
-69,S
-35,T
27,T
25,T
0,T
84,P
12,R
-15,S
-61,Q
23,R
-70,T
17,P
-79,Q
95,R
36,R
-89,P
-9,R
70,S
-53,S
-62,R
-94,Q
64,R
50,S
-13,R
-39,Q
-3,Q
14,R
70,P
26,T
88,S
-73,T
72,T
-97,P
-36,Q
-43,Q
35,P
-71,T
,R
-63,P
31,R
30,S
61,R
-93,T
69,Q
-79,R
34,Q
50,S
-55,P
45,T
,R
-42,S
-72,S
-96,Q
99,T
19,P
97,Q
-26,Q
84,R
-4,S
-76,R
77,Q
21,P
,P
99,Q
-33,Q
79,R
95,R
96,S
-90,S
95,Q
36,T
76,S
-80,T
-70,R
38,S
60,R
-54,R
58,R
89,S
83,T
36,S
,P
-42,R
-12,R
-8,R
-40,Q
-38,T
18,T
-44,P
-38,T
-21,P
-43,R
98,Q
18,S
-53,S
28,Q
-53,P
-32,R
40,R
6,S
-9,S
38,R
27,S
-96,Q
-31,S
44,S
57,T
5,Q
-39,T
-67,Q
-70,P
-11,T
-46,T
46,Q
-100,R
-63,P
15,P
91,S
59,Q
51,T
87,Q
-13,Q
-93,R
17,T
71,P
11,T
56,R
84,Q
5,P
-90,T
-19,T
48,T
9,T
-4,R
-12,R
-64,R
80,T
-5,S
83,S
97,S
43,P
-81,P
-92,T
-23,R
77,R
-36,S
36,P
19,Q
23,T
76,Q
48,R
56,S
,P
-44,T
44,R
-41,Q
40,P
-78,R
59,S
-19,S
27,Q
20,P
-4,T
50,T
46,P
86,T
66,S
-32,R
-61,T
-44,Q
-87,S
55,P
46,Q
-31,T
-19,T
-68,Q
27,S
-38,P
25,T
32,P
9,T
-72,P
66,Q
58,Q
65,S
-16,P
-44,Q
14,R
-79,R
91,S
-47,R
-3,P
,P
80,P
87,R
94,P
6,T
-24,R
-47,P
78,R
-83,R
62,R
6,S
-31,T
89,P
85,Q
77,T
92,S
-15,P
-42,Q
-53,R
39,R
-10,T
-62,R
,R
-18,T
10,S
60,Q
78,Q
74,R
-41,P
-14,R
,R
100,T
34,P
,S
-12,S
-100,R
,R
-86,P
62,Q
34,P
16,R
-65,S
97,R
-17,R
-32,R
-64,R
10,Q
34,P
32,Q
96,Q
-74,P
-27,T
-29,S
-19,S
,P
33,S
6,T
-85,P
60,P
26,Q
70,S
20,T
,T
-49,S
94,Q
-12,Q
-47,P
95,T
-29,R
-18,S
16,T
-19,P
4,T
41,T
92,Q
-69,P
-80,R
32,Q
22,P
2,P
4,S
-76,T
36,P
5,P
57,Q
,R
65,T
24,T
-40,S
-8,T
58,P
83,S
-6,Q
88,R
81,R
73,S
8,R
-73,S
-33,S
-67,P
50,R
-4,Q
-5,T
-6,P
-57,P
17,R
69,P
-5,Q
42,P
-42,S
59,S
90,P
14,Q
-78,Q
-2,Q
86,P
-75,T
79,T
42,P
-54,P
-42,S
3,P
-4,P
12,P
4,R
25,T
-45,P
77,T
21,T
80,R
-31,T
,T
99,S
44,Q
68,T
14,T
35,T
53,R
-47,S
-37,R
34,T
84,Q
29,T
-73,P
-54,Q
-6,Q
90,S
63,T
37,S
71,S
44,Q
,T
52,P
-12,P
-6,S
47,T
74,P
45,Q
-94,Q
5,T
-20,Q
-4,Q
51,P
-100,Q
20,S
82,R
15,S
-4,R
81,Q
37,T
73,P
-81,T
17,Q
11,R
-54,T
-75,P
36,T
-34,R
-21,Q
-86,T
-74,P
46,P
67,Q
17,S
-43,Q
74,R
-18,Q
50,R
-66,S
5,T
20,T
,Q
-65,T
15,P
19,P
-13,Q
44,P
31,S
,T
38,R
13,Q
73,Q
-49,S
86,Q
-63,Q
9,Q
-41,Q
-94,T
65,T
-84,S
-80,Q
43,P
-91,S
26,T
-76,R
-90,T
-81,Q
-19,T
56,T
56,T
-77,R
3,P
43,T
-49,T
-37,R
63,T
-6,T
92,R
-35,T
85,P
-8,S
-50,Q
68,P
32,P
-8,S
-43,P
-85,P
25,T
-36,Q
-53,P
38,S
67,T
-88,S
-9,P
-80,Q
14,R
-21,Q
49,P
36,T
,P
82,T
-32,Q
-43,Q
14,P
67,S
43,P
97,R
36,T
94,S
95,S
-21,P
54,P
-44,S
,Q
-49,R
,Q
82,T
-35,S
99,P
93,S
12,T
-74,S
58,Q
26,S
-16,R
-58,Q
-92,S
16,T
57,S
-79,T
-33,Q
3,S
-13,S
-67,T
-99,T
-48,Q
-39,T
-1,Q
-4,P
-33,P
45,S
-20,S
-86,P
-20,Q
40,S
-54,T
84,R
71,P
-82,R
-49,R
-40,Q
28,T
-59,Q
56,P
99,T
55,Q
,T
65,T
-31,Q
89,R
-78,T
96,Q
12,R
,R
96,P
90,T
93,T
-17,T
100,R
71,P
56,S
-82,R
42,T
56,P
45,T
-31,T
54,P
96,S
-56,Q
56,R
-27,R
21,Q
-18,R
44,R
,T
,R
2,P
58,T
-62,R
79,S
82,R
-99,T
,Q
63,Q
90,T
,T
-41,Q
33,S
,T
-100,R
-29,T
-2,Q
94,T
-49,Q
86,P
71,R
-45,Q
-90,T
16,S
95,T
-77,T
-8,Q
-51,T
-94,P
-83,Q
,Q
-71,R
9,R
-27,R
43,T
-63,P
94,Q
81,S
-54,R
-22,S
-28,T
-100,T
-59,R
10,S
17,S
34,Q
44,R
,T
-97,T
69,P
72,Q
84,R
-21,S
25,T
78,T
-4,S
-91,R
50,R
68,T
47,P
77,R
81,P
-97,R
-84,S
,Q
-52,R
-84,Q
5,T
-100,R
79,R
-30,Q
-98,S
,P
49,T
27,P
,S
-74,R
-8,S
94,Q
-89,R
-92,P
100,Q
87,T
48,T
-5,R
47,R
-1,T
16,R
-3,R
-1,T
11,S
50,Q
1,Q
-94,S
27,P
52,P
-30,R
80,R
-60,S
-13,S
-13,R
-56,R
-40,S
-76,Q
66,S
33,S
39,R
-14,T
73,P
-99,T
93,P
,S
,Q
-87,T
47,S
-100,P
22,P
-78,R
9,R
46,Q
-16,S
75,Q
-43,P
64,Q
72,P
-26,R
-29,S
-38,S
41,Q
100,S
88,P
87,S
-12,S
47,P
60,P
99,S
-86,Q
8,S
-44,S
-52,P
98,R
-87,R
71,Q
-30,R
42,T
-5,S
37,S
-96,P
93,Q
15,Q
9,Q
95,R
-98,R
85,T
-43,T
-44,T
88,Q
3,P
-28,P
-27,S
85,S
,T
-16,P
15,R
10,P
32,P
74,P
100,T
70,Q
-61,T
22,P
-38,S
-92,S
-30,P
-3,S
-5,P
-27,P
-56,S
65,T
-20,Q
,Q
8,T
81,R
-89,R
-59,P
-77,S
65,R
3,P
3,Q
-39,T
-39,Q
-98,Q
-40,S
25,T
52,P
30,Q
34,T
65,P
84,T
-4,S
97,S
36,Q
-4,T
58,P
-16,S
90,S
-15,R
-57,S
98,T
7,R
-90,T
54,Q
-77,S
6,T
-8,R
-61,P
61,P
-31,R
-61,P
48,S
-84,S
-92,T
-39,S
51,S
72,T
-20,S
-35,T
26,T
,S
53,T
-80,R
94,T
91,T
-21,R
72,R
-8,T
18,S
-95,S
8,S
-21,Q
-13,P
2,S
-97,Q
35,S
-52,S
-56,R
,Q
-25,P
-77,R
0,Q
70,T
-86,T
36,R
0,S
-20,Q
27,R
-53,T
-93,S
,S
13,S
1,P
-39,Q
-12,Q
29,S
91,Q
-89,R
-94,P
39,P
11,Q
-69,T
2,R
-42,R
-23,R
27,R
54,S
75,P
-71,T
29,R
-84,R
-29,Q
39,R
27,Q
-72,R
-36,R
-2,P
-41,Q
66,R
,T
36,S
-78,R
-31,S
63,P
-26,T
,S
97,Q
-64,Q
-65,P
-93,Q
10,Q
11,T
-49,P
-39,P
93,Q
-24,T
-7,S
-64,S
-80,R
43,P
100,Q
42,P
-96,T
74,T
-73,T
-20,S
13,R
-33,S
2,Q
-87,S
-98,Q
-19,P
,P
-26,T
98,Q
98,T
-86,Q
-67,P
11,R
28,S
79,P
-95,R
-16,S
36,S
-21,S
-40,R
-93,R
91,S
,T
-88,R
-18,Q
7,S
-93,S
-35,P
-18,P
76,R
-91,S
87,R
93,R
-73,S
17,T
82,R
-95,T
-26,R
78,P
2,Q
89,Q
-66,T
-74,R
46,T
23,Q
-1,Q
24,T
37,P
78,S
-49,P
-28,T
-79,R
-78,R
-84,S
-43,R
67,S
-27,T
12,T
58,R
-84,R
-5,S
69,T
-76,R
8,P
15,P
,T
-32,P
-80,R
-58,P
58,Q
-92,Q
-12,P
-34,P
-33,P
-55,Q
-38,P
-20,P
-84,T
84,S
-29,R
59,R
22,P
-8,Q
-66,R
4,Q
-59,Q
76,S
86,Q
-98,Q
-89,R
60,P
-9,T
31,P
-47,Q
-21,Q
-5,Q
18,R
31,P
-55,T
5,P
39,R
-20,P
57,T
66,R
-36,Q
-21,Q
-3,P
21,R
81,T
-25,Q
37,S
-63,S
21,S
53,Q
-40,R
-39,Q
-89,S
-98,S
20,T
,R
-91,S
-69,T
,Q
-21,S
-12,T
16,S
-69,T
4,R
4,Q
-49,S
19,P
8,Q
-98,T
24,P
-81,T
,S
-40,Q
-60,Q
62,R
91,R
-71,P
-21,T
-33,P
75,S
7,Q
-54,S
40,R
37,S
-19,S
-9,R
40,R
75,Q
-70,S
-47,P
-23,S
-97,T
-35,T
-39,R
-60,T
46,S
-50,T
-48,P
-38,Q
-81,R
-96,T
78,P
,R
93,P
76,Q
1,Q
-67,R
50,T
,R
100,S
,T
55,Q
-11,R
53,R
-99,T
17,R
-18,T
-38,T
90,P
55,T
97,R
-32,R
1,T
-100,Q
-42,T
90,P
,P
-62,P
-92,P
-94,P
-24,Q
-71,R
59,R
96,S
,T
79,R
,T
-32,T
-19,T
73,P
-50,R
63,S
-25,Q
-13,T
-71,S
,R
-81,S
36,P
-32,T
31,Q
-93,S
-98,T
47,S
-32,T
9,T
86,Q
88,P
-80,Q
-96,P
-31,P
8,P
69,T
-12,S
52,R
-77,S
17,T
-12,T
94,P
-46,S
91,Q
-33,T
14,Q
4,T
29,R
-20,S
5,P
-16,P
-46,S
28,Q
24,S
,T
15,R
-35,P
-95,P
19,P
57,T
46,T
-11,R
-96,P
-69,P
,Q
-38,T
4,P
44,Q
32,S
-56,R
-58,R
-40,Q
7,S
-87,R
-78,S
53,T
-52,T
19,R
-9,P
-56,P
70,S
-39,Q
27,P
7,S
38,R
29,Q
-91,S
-42,S
98,T
,S
-76,S
11,S
-9,R
-3,T
47,R
2,R
32,T
-25,Q
-3,S
-88,T
58,R
-74,S
29,S
78,Q
39,R
20,Q
-67,P
-64,S
-65,R
25,S
,S
-85,S
-3,P
,T
35,S
60,T
25,Q
9,P
95,P
94,Q
38,P
-11,P
-27,R
-95,Q
-75,R
86,R
-26,P
-84,R
46,S
-51,T
-41,Q
-3,S
17,S
58,T
87,S
-44,T
-59,R
-82,Q
96,P
72,T
-59,P
58,P
14,Q
89,R
66,S
-55,S
67,Q
100,T
85,R
-6,P
32,Q
9,T
69,R
6,S
-95,Q
-93,S
-91,Q
-93,Q
,T
32,S
78,T
-19,R
16,R
-82,Q
-22,R
-24,R
47,T
41,R
21,R
-51,R
10,S
4,T
-77,P
38,P
-67,Q
-21,S
100,T
34,Q
-84,R
20,R
-32,P
19,R
6,Q
82,P
-59,T
-79,Q
59,S
48,R
44,P
34,R
97,T
47,Q
-92,T
-76,T
-57,S
-66,T
-62,P
-93,S
35,T
58,Q
-29,T
-48,P
20,Q
-54,P
-91,Q
-91,T
27,T
0,P
-23,R
-86,R
-55,P
-10,Q
-40,R
28,Q
42,Q
60,R
0,Q
-70,S
52,T
-64,T
99,T
28,R
-59,S
53,S
23,T
-72,R
5,R
10,T
-14,S
75,T
-74,R
-70,T
-76,Q
-60,T
-50,Q
75,S
49,S
62,Q
33,T
-66,P
36,P
-53,P
-12,T
61,Q
50,S
-6,T
-2,S
-64,P
17,Q
25,T
25,Q
64,S
-4,Q
-15,R
-98,R
-49,P
78,S
11,S
2,P
-35,Q
-19,R
44,T
,T
44,S
,Q
-72,T
,S
-98,S
-8,S
-77,P
99,P
-1,R
-41,T
-69,R
30,R
63,S
53,T
-78,S
55,Q
97,S
15,R
71,T
,S
60,T
-77,Q
-63,T
-65,T
-91,S
-27,T
-32,P
-97,R
22,P
-51,P
-42,T
-17,R
64,R
27,Q
70,P
-33,R
-63,P
57,S
-81,P
-77,R
73,S
35,Q
29,S
88,Q
-3,P
-76,S
5,S
-26,S
-78,T
-99,T
-91,P
,S
33,T
7,T
-31,R
-81,P
-20,S
97,T
-32,T
-60,Q
-49,S
-73,P
-48,R
81,Q
50,S
-72,P
38,T
,P
84,Q
54,S
,Q
43,R
6,S
-73,T
-30,Q
-73,Q
-83,Q
-31,Q
-51,P
-46,T
-91,Q
27,P
19,T
-52,Q
4,Q
18,Q
42,T
3,T
-92,Q
79,Q
14,R
51,P
12,T
-1,T
,P
-100,R
-10,R
-27,Q
-37,R
13,P
-31,R
-56,S
-40,Q
-56,Q
-89,P
62,P
51,P
-52,T
-18,P
-13,S
-6,S
30,R
87,T
-60,R
-80,T
,T
58,R
-15,R
-9,S
-82,P
33,S
-26,R
-25,T
-88,P
43,R
68,Q
-15,Q
30,Q
76,P
-64,T
-67,S
,P
12,R
-4,R
-88,S
-1,S
41,R
,T
-97,T
-34,R
85,Q
-68,T
10,T
34,Q
54,S
15,S
92,P
,Q
68,Q
21,P
-21,Q
-54,S
-55,P
17,R
26,S
-95,Q
-32,Q
77,S
10,R
86,S
91,P
81,T
61,T
-21,T
78,P
,Q
8,P
-59,P
-31,Q
-54,S
-2,R
-76,T
-23,P
28,S
26,R
99,R
-44,Q
98,P
-8,T
-56,T
99,Q
-29,R
-64,T
-28,Q
-43,T
-58,Q
78,P
95,P
-3,T
52,P
-71,T
64,P
-80,Q
89,P
96,R
43,Q
-56,Q
80,R
-63,S
95,R
80,Q
34,T
28,R
38,R
-66,P
38,P
37,S
47,R
-27,R
38,T
13,T
-84,T
-88,P
-80,P
7,T
54,T
-8,P
10,Q
66,S
-68,R
-14,T
-43,T
35,Q
-96,P
33,S
73,S
52,P
-71,P
-7,T
81,Q
39,S
60,R
-46,S
-94,S
21,R
-51,S
-39,S
-8,Q
-27,T
91,Q
67,Q
81,P
14,Q
86,T
5,T
40,S
95,R
,S
43,Q
-85,S
-93,P
71,S
40,Q
-49,S
-23,Q
,R
78,S
-45,S
18,R
19,T
-1,R
-57,P
27,T
-65,Q
3,R
-53,P
27,Q
-59,S
83,R
-47,Q
-18,T
78,R
-82,R
-10,P
-12,P
-48,P
-19,R
81,R
-97,S
-2,Q
-83,P
-21,S
-20,T
-24,T
-93,R
-86,Q
-81,S
97,T
-60,S
40,R
-82,T
-38,Q
51,R
-89,S
-52,S
-70,T
54,Q
17,S
-94,P
16,P
-33,T
,R
-87,Q
-15,S
78,T
19,R
-35,P
-50,T
85,P
58,T
97,T
-32,S
45,T
-85,T
-8,T
-75,S
68,P
-75,S
,T
-55,P
-46,T
96,R
69,T
-12,P
-78,S
-8,T
49,S
2,R
55,S
-25,S
83,Q
53,T
62,R
92,Q
-75,Q
-20,T
76,S
-40,P
-95,T
-34,R
5,P
-59,T
-32,S
15,P
-63,R
-20,Q
45,S
4,S
-17,Q
-61,Q
42,S
93,R
-24,P
5,R
-58,P
73,R
-77,T
-66,S
51,P
-37,Q
-91,P
-42,S
-31,Q
-6,R
-61,T
91,P
-41,P
85,R
,T
28,R
-10,P
-36,Q
-94,T
93,S
-67,S
22,P
-43,T
-50,T
,Q
27,S
-42,T
48,Q
90,Q
-78,P
31,S
9,S
9,T
82,R
-32,R
19,P
-57,S
-91,Q
63,P
-40,S
-50,T
74,T
-42,S
92,Q
3,R
-6,S
85,T
41,P
60,P
-74,S
50,R
48,Q
49,Q
-80,P
-69,T
-42,P
61,R
-62,P
-19,R
42,S
-59,S
73,R
98,T
65,R
-78,P
-21,R
80,S
-29,T
16,R
,S
71,R
,R
-27,Q
-71,R
-33,R
-67,S
-100,T
81,P
-79,P
-17,T
,S
93,S
-1,P
32,P
-19,T
-18,T
15,Q
-96,P
-92,Q
67,S
-7,P
8,Q
-52,R
48,Q
31,R
-84,S
46,T
-76,R
74,R
54,T
-4,P
93,P
8,T
-98,R
35,R
-13,P
-88,S
84,R
62,T
,P
0,T
-54,R
-52,R
37,P
-98,R
73,S
9,S
-12,P
-71,R
,P
4,P
-51,T
15,R
-9,R
,P
-52,P
-90,S
-35,R
15,P
36,T
-40,S
-61,Q
64,P
,R
93,P
67,S
77,T
25,P
-31,Q
-36,P
-93,S
94,Q
93,P
-16,T
2,T
-37,S
-13,P
67,S
66,Q
-28,T
94,Q
-19,P
-35,P
64,Q
-95,Q
-81,T
8,T
63,Q
-17,R
58,R
-49,R
46,T
85,R
,S
93,R
99,T
54,R
21,P
-91,R
-22,Q
-76,P
54,Q
-73,S
-30,T
-15,Q
-30,P
94,T
-25,S
-50,S
-93,P
96,S
-36,R
90,Q
27,T
-46,S
-6,T
93,S
-85,Q
76,Q
-77,Q
-43,R
-24,P
24,P
32,T
-46,Q
,Q
-39,Q
72,P
-99,Q
-17,P
30,P
,P
-38,T
46,T
7,S
-71,Q
-24,T
-14,T
-10,T
-83,Q
24,P
73,R
-25,Q
-2,S
,T
-97,S
67,P
-89,Q
,Q
-75,R
-98,S
23,R
-79,S
-35,R
74,T
42,Q
9,Q
-62,P
34,T
-60,P
28,R
-34,R
-20,S
-61,Q
-6,R
12,Q
-38,P
-94,T
70,R
97,Q
74,Q
-58,Q
-95,Q
,P
40,P
81,P
68,P
48,Q
-43,T
-17,Q
-86,Q
-56,Q
-58,T
19,R
7,P
-76,T
27,T
,T
-65,P
69,R
63,Q
,S
-57,Q
-29,T
68,R
72,P
-49,Q
54,S
90,T
79,S
,P
61,Q
31,S
-89,P
-25,Q
-26,P
29,T
62,Q
,R
10,P
92,P
81,S
-97,Q
-69,Q
56,S
-99,P
78,T
-45,S
91,S
50,T
-44,P
27,R
61,P
-51,R
51,S
36,R
-93,S
-30,P
-33,R
87,S
22,S
,T
99,T
100,T
-74,T
87,P
-88,R
23,R
-11,T
94,R
71,Q
24,T
-43,T
,R
-24,T
55,R
-84,T
-38,Q
-81,Q
73,T
46,Q
-67,P
14,P
78,Q
76,Q
-18,R
64,R
-42,Q
,R
28,P
75,Q
31,T
32,P
-27,S
29,Q
-92,P
80,R
-65,S
91,Q
53,S
39,S
-57,S
-63,R
-61,R
83,T
1,T
-64,T
,T
41,S
-21,Q
-99,S
-32,Q
-54,P
65,S
72,S
63,R
-18,T
89,S
28,P
61,R
-73,T
63,R
-54,R
78,P
-25,R
-25,P
-94,P
57,R
86,Q
-56,T
-43,T
-93,Q
-48,T
-82,Q
-4,S
-54,P
65,S
30,Q
-22,R
-48,T
88,Q
94,T
-46,Q
84,R
-27,Q
17,P
60,T
46,S
-5,Q
99,Q
23,P
-69,Q
-46,P
-72,T
-70,S
-3,Q
-84,P
93,R
66,T
26,T
-57,R
-68,Q
-67,S
-61,S
-6,T
-33,R
32,Q
-81,Q
72,P
78,S
75,T
-40,T
-2,T
-52,S
50,R
-14,T
,T
34,P
-37,P
14,T
21,Q
16,R
-77,S
-54,P
-84,Q
,T
-55,R
42,R
61,Q
-9,P
-58,P
-97,Q
,Q
-57,T
0,S
69,S
-32,T
99,P
-9,P
80,R
92,R
-5,S
84,R
78,P
-51,R
52,Q
-47,P
-69,R
82,R
-11,R
-52,P
70,P
70,T
15,Q
-67,S
70,R
50,S
-81,T
-14,S
-30,Q
15,R
73,T
-98,Q
87,R
33,P
,Q
74,R
-50,P
-94,T
-52,T
-48,R
15,S
100,R
-48,Q
97,Q
50,R
18,R
-2,S
-13,T
0,P
-58,S
,P
-47,P
80,P
,R
-49,R
,Q
63,P
14,P
-82,S
-88,Q
4,T
-37,R
77,R
-74,T
70,T
-58,P
64,T
,R
-21,P
-61,P
62,P
-1,S
-84,Q
6,P
-99,Q
-94,T
-42,S
-56,R
,T
90,Q
-13,P
-93,S
-37,Q
-2,R
84,S
-31,R
-64,P
-2,Q
-73,P
87,S
30,Q
67,T
-72,S
-1,P
63,P
78,R
79,P
53,R
-17,P
37,Q
10,R
14,P
23,R
-49,S
27,S
,S
-25,S
-48,Q
-50,R
64,Q
75,Q
-86,Q
-98,Q
-92,P
48,T
92,S
-88,R
86,T
-87,P
31,R
24,P
61,Q
13,Q
45,T
-17,P
,Q
-32,P
42,Q
-27,P
13,R
58,R
34,R
-11,P
47,P
71,T
50,P
-2,Q
36,T
-26,T
18,Q
,R
-94,Q
-55,R
-44,Q
-10,P
,T
-94,S
-5,P
78,T
-92,R
-43,R
78,S
-76,T
-45,R
-61,P
-60,T
-90,P
59,P
-29,S
-9,R
26,R
-5,P
86,R
-39,R
61,T
-42,R
42,T
-7,Q
57,Q
47,Q
67,P
,T
-82,T
-9,P
44,T
-80,R
-99,S
-19,R
-95,R
-38,S
16,S
,P
-90,T
-62,P
-55,P
-72,Q
-16,R
-67,R
-10,P
38,T
-100,T
69,R
-92,S
-83,R
46,S
-59,R
-98,P
30,Q
79,Q
-10,R
93,Q
-78,Q
50,P
11,P
,S
-17,S
79,R
66,S
-27,T
,R
-74,S
-68,Q
21,P
10,Q
27,S
-65,S
-9,T
99,R
1,R
-61,R
-13,T
-38,Q
63,Q
18,Q
-79,R
-11,Q
29,R
73,T
-80,T
80,R
19,T
-61,Q
-62,S
-57,P
72,P
-79,R
-91,T
67,P
97,Q
27,P
90,S
18,S
,T
-10,T
44,P
-97,Q
-34,P
36,T
-62,P
97,Q
-92,S
64,T
43,S
16,P
73,Q
87,S
-12,P
-64,T
-81,S
32,Q
83,P
-99,Q
64,S
,P
2,Q
-1,T
80,P
34,Q
60,P
7,P
33,S
-82,T
7,T
-97,Q
-94,R
-50,R
49,S
-94,Q
92,Q
,R
70,P
42,T
83,Q
-9,S
31,S
-89,R
88,S
-33,R
56,P
-73,T
64,S
-8,P
-72,T
-64,Q
29,S
8,R
-81,T
59,R
-22,S
19,R
-19,R
51,Q
-65,Q
-5,T
-79,T
-9,S
76,Q
-4,R
-10,R
,P
,R
-29,T
13,Q
6,P
56,R
94,Q
36,P
75,T
-96,R
-79,T
-44,P
28,T
39,S
-49,R
24,S
3,R
-45,R
-69,Q
78,S
60,T
-76,R
29,S
35,T
-8,T
22,T
7,P
-69,R
-30,P
-40,S
64,S
46,Q
-59,Q
45,T
99,S
,P
-95,R
55,R
-85,R
-14,S
-72,P
84,S
10,P
-53,P
-46,Q
61,T
-27,S
-37,S
-48,R
-94,R
-84,R
96,Q
-54,Q
81,R
-22,S
28,R
93,P
-82,P
-74,S
13,P
-84,S
-39,R
1,T
-13,T
64,Q
9,P
-76,P
-96,S
-58,R
82,S
-32,T
-86,Q
96,R
33,P
35,Q
-66,T
39,S
61,P
42,T
-98,Q
46,Q
-30,S
95,S
82,S
-84,R
-26,T
96,T
48,R
49,S
10,R
69,Q
62,T
-92,S
-21,S
98,T
81,S
48,Q
-14,T
-80,R
-68,P
98,R
22,T
-97,Q
84,Q
-1,P
,Q
97,T
14,R
36,P
-88,P
-63,S
50,R
-63,Q
-61,S
,R
4,P
-71,S
,P
85,Q
63,T
-21,R
-100,Q
41,P
97,R
-71,Q
44,Q
-66,T
-46,S
-49,S
-80,P
17,T
-34,T
24,Q
12,R
94,P
-92,R
63,Q
96,P
14,S
62,R
-22,P
45,Q
49,T
-2,P
,S
-90,P
65,S
-67,P
37,R
14,S
-7,P
30,R
92,Q
-29,Q
-71,Q
-78,S
-98,R
-4,Q
-50,Q
42,Q
57,P
-6,R
17,S
47,S
18,S
-10,S
-93,P
-62,P
63,Q
-86,R
-40,S
-15,R
-85,P
-62,R
-8,T
55,P
-47,T
,S
-92,R
-26,P
-45,R
56,P
83,T
72,P
3,T
,R
20,T
-96,S
,R
-6,S
-55,S
-99,R
64,R
98,T
52,P
30,T
,R
11,S
-64,R
,R
94,P
29,R
-32,T
-27,Q
-85,P
-67,R
-3,P
81,T
,S
-83,P
72,Q
,Q
62,Q
65,P
54,P
-27,T
13,R
-51,S
-66,Q
22,T
92,P
-35,S
62,T
20,P
-41,S
76,Q
77,R
-97,S
12,S
-25,Q
-70,R
,R
-4,T
-72,T
41,P
-13,S
-22,Q
-85,Q
73,S
-39,R
-71,P
42,T
45,S
-88,S
-67,T
,P
81,R
14,Q
-13,T
80,P
90,P
-6,T
73,R
-61,Q
10,R
-44,R
18,P
-92,P
97,T
58,P
-67,S
-43,P
69,R
41,T
-19,P
-85,Q
-78,P
32,T
,R
81,P
44,S
59,P
-80,R
-65,S
90,T
42,T
-59,S
-20,S
-62,Q
-92,Q
,Q
-60,P
46,Q
96,T
12,Q
38,R
-78,T
,R
83,P
-54,T
95,Q
40,S
-94,R
88,T
-95,P
-34,P
71,R
37,Q
100,R
47,S
49,T
-94,T
-66,S
-92,T
88,Q
25,P
90,R
20,R
79,T
70,P
-44,Q
39,Q
45,P
27,S
76,P
72,T
68,S
91,S
96,R
74,P
84,R
-16,P
-57,R
71,P
68,S
-70,Q
-52,P
,Q
94,T
84,S
63,Q
23,Q
58,T
,P
99,T
-53,S
-54,P
-82,R
-94,P
,P
47,T
33,P
17,R
67,S
-90,R
-98,P
-73,P
-55,Q
88,Q
75,T
-64,Q
25,S
9,S
93,S
-74,R
86,S
61,R
-24,S
-64,P
82,R
34,P
100,R
-10,P
-54,Q
-72,T
33,P
-84,T
55,S
-63,R
62,P
-45,R
-9,Q
66,T
27,P
60,T
-84,R
49,Q
68,Q
34,R
-54,P
-92,Q
29,R
-39,S
-22,Q
,R
-69,Q
-85,T
-88,T
,S
-79,T
-77,T
96,R
,Q
,T
-19,P
64,Q
8,P
-4,S
65,R
-56,S
-5,T
18,S
24,T
-87,P
63,S
-63,T
20,S
43,R
-99,T
18,R
-68,S
21,T
-80,T
98,R
-64,S
-94,P
-90,R
90,R
-58,Q
-22,S
-63,Q
58,Q
-3,P
-94,S
-7,R
-69,S
39,R
73,Q
,R
1,R
94,P
88,Q
6,P
-36,P
-61,S
40,S
-52,T
3,S
-54,R
-42,S
,S
-5,T
52,S
-23,Q
-42,S
-28,S
77,S
90,S
41,S
5,S
66,T
49,S
-38,T
41,T
79,S
-59,T
-27,R
-28,R
40,R
69,Q
97,S
-5,T
-3,Q
-49,Q
70,S
-52,S
-74,S
-83,S
83,S
-2,P
-56,Q
-93,T
-36,P
98,Q
5,S
34,R
39,T
-42,R
-88,P
16,T
44,Q
69,R
-1,Q
14,R
90,S
-32,T
37,R
69,P
-48,R
63,P
-79,S
46,Q
-9,P
9,P
13,T
-37,R
6,T
-32,S
18,R
-89,T
-55,S
95,P
,S
-63,P
40,Q
40,Q
1,S
-18,T
-9,R
,S
51,R
-49,T
-58,P
33,P
57,Q
-2,Q
-19,T
-68,S
47,S
77,R
-9,R
1,R
0,S
,S
-11,T
-7,S
40,T
59,Q
96,Q
-52,T
86,P
9,Q
100,P
-41,P
,T
54,R
65,R
-2,S
,T
,P
,Q
-96,T
94,Q
-31,Q
-70,P
4,R
-73,R
38,T
54,P
98,R
24,R
-13,R
92,R
-98,T
8,Q
38,R
,R
-31,T
74,T
55,P
96,P
91,P
24,T
69,T
-71,Q
-48,P
26,P
-82,Q
-70,Q
4,P
-67,T
-51,R
-8,T
99,T
46,Q
4,Q
21,T
53,Q
29,S
92,Q
-85,S
92,R
-58,R
-66,R
-80,T
70,T
-23,P
-28,R
-39,P
37,S
-79,S
-54,P
,R
-46,Q
-14,Q
-99,T
-37,Q
52,R
88,T
-61,P
66,Q
-49,P
19,T
21,S
-23,P
46,T
76,P
14,R
50,R
-56,T
-20,T
32,R
10,R
-73,T
90,P
-25,P
-27,S
41,R
81,Q
86,P
66,T
95,T
-75,P
48,P
-69,T
75,R
-6,T
59,R
30,R
-92,T
-55,S
100,T
82,R
-3,S
-39,R
-67,R
-43,R
-78,R
-56,R
59,R
-78,P
71,P
-44,R
33,T
-59,P
-92,Q
-47,Q
36,S
64,S
99,T
,R
-39,Q
70,S
-91,T
-73,S
39,R
37,P
-34,P
65,R
83,S
84,R
5,T
36,P
-13,Q
-52,Q
-13,Q
-89,R
40,Q
7,Q
-54,S
-6,P
8,Q
-14,S
24,P
-76,R
60,S
61,R
8,Q
16,P
3,T
-46,P
-45,P
-74,P
26,S
-25,P
-68,Q
27,P
-86,S
-43,Q
-21,S
-91,P
63,P
-77,S
6,P
74,T
17,T
-59,P
-42,R
98,P
-73,S
-38,S
11,Q
21,R
-39,S
-94,Q
58,Q
81,R
99,T
30,T
-61,P
-40,R
78,T
-99,S
12,Q
39,S
4,P
-19,T
-16,S
-76,S
89,T
84,P
-79,T
-17,T
-84,S
40,P
-89,S
1,T
,R
83,R
-2,R
-38,P
72,R
,T
38,Q
-46,R
40,P
24,Q
2,P
55,S
-83,S
-88,R
-95,R
69,R
47,P
45,R
-57,T
4,Q
58,T
65,T
22,Q
32,T
-77,P
-59,T
72,T
,Q
5,P
,P
-88,T
-3,S
,P
21,Q
-91,S
51,Q
-48,P
98,S
68,P
48,P
-79,P
-58,R
-46,T
-90,S
-7,Q
,R
45,R
56,R
56,R
-62,P
-43,T
60,T
5,R
1,Q
41,R
,R
,S
,P
-29,T
80,Q
-28,R
-99,S
40,T
61,Q
-96,Q
100,Q
61,S
-5,P
54,T
6,T
-7,R
-36,R
27,R
-63,T
-26,S
53,Q
34,R
61,T
36,Q
,P
81,P
-100,R
83,P
70,Q
92,T
55,P
-90,Q
-24,Q
74,S
53,P
-91,R
38,P
-53,P
54,S
-43,S
-45,T
-85,P
-17,S
67,T
-23,T
-94,T
87,R
76,Q
52,R
-46,R
-31,S
23,T
,P
78,T
-54,Q
29,Q
-83,R
14,P
56,T
-58,T
-45,Q
-22,P
36,T
-32,P
,P
84,Q
-62,T
75,P
1,P
95,Q
-39,R
86,S
-61,P
93,T
-1,P
-50,Q
-36,S
32,R
-20,P
-92,R
-12,S
-66,P
90,T
3,S
46,Q
94,P
7,Q
88,S
-96,R
-25,T
72,R
3,T
74,T
-36,S
5,P
-38,Q
-94,T
-86,S
22,P
-6,P
-44,S
46,T
5,S
-10,S
,R
97,T
22,S
-85,R
-89,R
30,S
95,Q
-94,S
88,R
-26,R
,R
0,Q
-43,S
-5,S
34,S
,R
58,Q
-66,Q
10,R
,P
89,T
37,Q
-14,Q
-22,R
13,Q
-78,R
14,R
52,P
-36,T
,Q
-2,R
-25,P
66,T
-11,R
-27,Q
-6,T
-42,R
6,R
85,T
-26,Q
-74,Q
-5,P
-86,R
-80,S
83,S
-64,S
-2,T
-84,T
90,R
,P
-24,S
12,P
-19,P
-20,Q
76,R
69,R
,Q
62,T
-75,T
-83,T
-49,T
42,R
-52,Q
-85,P
14,T
,T
-89,R
-12,P
-26,S
18,Q
98,S
-99,S
61,T
-84,S
70,Q
89,R
78,R
,T
19,Q
-4,Q
58,Q
-84,P
-94,S
-87,P
84,P
5,P
-98,P
-63,S
-52,S
57,S
,P
18,R
-52,R
9,R
61,S
-46,T
13,P
-45,R
93,T
-66,P
8,R
70,T
-21,P
-60,T
67,T
-69,S
74,P
-11,P
87,P
78,P
-22,R
-94,R
-75,Q
28,Q
-70,R
-53,S
-55,S
3,T
-71,S
0,S
57,T
-16,P
86,T
-39,T
4,S
6,T
27,R
-13,R
-18,Q
-2,S
,Q
24,T
-5,R
34,S
-3,S
-28,P
4,Q
-58,Q
28,S
-70,S
-4,T
-36,S
33,S
95,Q
69,S
61,S
97,P
-55,S
37,P
-55,P
-74,T
-84,R
24,P
-63,R
35,Q
-57,R
89,R
-92,S
-29,S
38,Q
-31,Q
-31,S
48,Q
-16,T
11,T
3,P
-49,S
-38,P
73,S
71,P
95,Q
-13,P
76,R
-68,S
11,P
-80,S
44,S
-18,S
,T
45,T
-19,Q
63,P
62,T
79,P
11,S
9,Q
-49,R
-34,P
-66,P
-68,T
-16,S
-39,T
65,R
-26,P
-4,P
73,P
-3,T
-87,Q
75,T
74,T
-16,T
13,T
-37,S
-58,Q
-21,P
71,R
43,S
91,R
-2,Q
66,T
-38,S
53,T
79,R
-9,T
50,S
-49,Q
12,S
45,T
-27,R
56,Q
-29,Q
25,P
67,T
41,P
48,T
81,P
-48,S
-92,Q
54,P
61,Q
96,R
-4,Q
,R
-49,S
-40,Q
,S
64,T
17,Q
29,R
-26,T
59,P
-80,P
20,S
-38,T
20,S
-60,T
2,T
-70,S
8,P
-67,Q
-27,Q
41,S
14,P
-34,P
4,S
-64,R
,T
,Q
96,R
78,P
37,S
68,T
52,S
-100,S
97,Q
-64,R
83,R
-31,P
62,R
-65,S
42,P
-2,S
-85,P
45,T
-80,P
74,R
43,Q
54,R
11,S
-59,S
,P
-35,Q
-49,P
,Q
-42,P
56,R
-44,S
95,S
-20,Q
-7,Q
-44,Q
2,R
6,S
,S
-60,S
47,R
49,S
-31,S
,Q
-76,P
-94,P
-63,R
-97,Q
-25,R
-82,S
7,T
83,P
89,T
-6,R
82,Q
4,S
-36,P
7,R
52,S
-62,R
3,T
-62,P
68,T
,T
35,S
5,Q
-100,R
45,R
,P
36,R
20,Q
-62,Q
51,P
62,T
-6,Q
-35,Q
89,P
86,T
-77,P
-81,P
42,Q
-77,Q
-36,T
15,P
95,T
-34,S
52,T
89,R
12,R
-91,S
,R
-36,Q
-72,Q
-47,R
-49,P
13,Q
26,Q
66,P
85,R
48,P
82,R
,S
31,Q
-32,P
14,P
55,P
-98,Q
47,P
76,T
-1,R
88,P
,Q
97,S
-80,S
-67,P
-98,T
-39,Q
-73,R
79,T
21,P
-58,S
,Q
5,Q
-13,T
-66,Q
-16,P
99,P
-89,P
14,Q
-23,T
68,R
-58,P
94,Q
-58,Q
14,S
97,P
87,Q
-80,T
31,S
25,S
45,Q
-41,R
-14,S
-41,P
47,P
64,P
76,Q
14,T
-40,S
34,Q
96,Q
-62,Q
5,T
-58,T
2,T
-95,Q
2,Q
11,Q
31,S
-83,P
-51,S
-40,P
-58,Q
56,R
-82,Q
-1,R
82,S
-65,S
9,S
67,S
-90,Q
74,Q
53,P
30,S
33,R
46,T
-47,S
56,S
-60,P
96,P
70,Q
78,S
-48,R
46,R
-99,P
67,P
67,S
-80,Q
-14,S
,Q
69,Q
-86,S
84,R
-29,P
-41,S
82,P
29,R
-94,R
88,Q
0,S
28,R
-77,P
63,Q
36,Q
-2,P
,R
28,S
-7,P
65,Q
-100,S
-24,S
-1,S
-93,P
-41,S
34,T
,Q
13,T
-78,P
-97,Q
-91,R
-42,R
33,R
7,P
6,R
23,S
-79,P
-73,T
50,T
,P
79,Q
-25,R
-51,T
5,Q
-23,T
-44,Q
52,R
82,P
81,T
49,R
-80,T
-59,R
11,T
-82,P
26,S
16,R
-7,R
-92,R
9,Q
-75,S
,R
-64,R
-44,T
-75,S
42,R
49,T
,Q
-3,R
-38,T
-78,P
2,P
-59,R
86,S
-40,R
47,T
70,R
63,T
-25,R
,S
-66,Q
-1,R
-34,Q
70,R
50,Q
85,R
-1,P
91,Q
12,S
21,P
85,P
82,T
30,P
53,Q
10,P
-6,R
-32,P
-18,Q
23,T
62,T
-49,P
18,S
11,S
-4,P
-91,Q
-71,S
46,P
84,S
56,T
40,P
-12,Q
-76,Q
-89,R
6,R
-61,P
-19,R
-21,R
-4,S
-98,R
46,R
55,S
-87,P
46,T
-78,Q
97,R
-20,P
-57,S
53,T
,T
54,Q
-14,Q
-80,R
-43,P
8,T
-98,P
-55,T
16,R
43,R
60,Q
-83,P
80,P
2,T
-47,R
87,S
54,S
-100,P
-51,Q
-81,P
-78,R
-62,Q
-91,Q
-84,S
-53,S
51,S
4,P
,Q
-16,T
44,Q
90,R
86,T
30,S
32,R
-100,T
82,Q
-73,S
-71,R
-72,S
10,S
19,T
80,P
-40,R
,P
-84,Q
-93,P
17,Q
-100,R
-25,T
-54,R
42,P
62,P
-4,R
38,R
70,Q
-15,P
-46,R
-40,R
-25,R
,S
59,S
30,P
-44,P
5,T
72,S
55,S
17,R
22,R
27,T
-82,R
-54,S
-40,Q
87,S
97,P
70,R
22,R
-26,Q
-74,R
-88,P
,T
95,S
60,P
-24,S
1,T
6,S
-32,P
65,R
-76,R
52,Q
-41,P
25,R
-22,Q
69,R
43,P
98,P
-36,R
22,Q
89,R
,R
94,S
64,R
,R
-84,S
-58,S
-92,P
20,T
-3,P
-72,R
91,P
,S
67,Q
,Q
25,Q
96,T
-62,S
-42,P
-56,S
-34,R
54,R
-72,T
45,P
-70,T
,P
66,T
-97,R
-60,S
-98,T
-92,P
7,R
-97,T
-74,P
14,T
-51,S
25,Q
27,S
-15,R
-32,R
-89,Q
-54,T
-95,T
2,Q
84,S
45,P
72,P
3,S
-40,S
21,R
20,S
37,T
53,Q
-11,T
18,T
9,T
96,Q
-23,Q
-45,T
54,P
28,P
-7,P
,T
-75,R
59,R
23,R
-94,S
-12,Q
92,Q
85,P
57,T
34,T
-57,R
68,T
-78,P
-23,R
-71,P
-76,R
36,T
22,T
54,P
5,T
28,Q
58,R
32,T
-10,R
80,Q
6,S
-14,P
5,S
-91,R
22,R
32,T
2,P
-65,T
,T
-33,S
,P
-56,S
,R
72,R
42,T
-75,S
99,Q
-32,T
-44,Q
90,S
-51,T
27,S
-59,S
-48,R
95,T
100,Q
60,Q
33,T
97,T
-77,S
9,Q
1,P
26,R
8,S
60,R
-40,P
56,Q
3,P
78,S
58,R
37,Q
43,Q
-52,T
-44,P
33,Q
-11,T
-3,Q
-69,S
-99,R
-67,P
-33,Q
74,Q
-60,S
-80,S
,S
-16,T
6,P
-10,Q
-24,S
95,T
75,T
-33,P
56,S
-54,P
-61,S
8,R
-80,T
-10,Q
78,S
-75,S
-69,P
-97,P
-84,T
-68,S
-36,P
100,P
76,T
77,P
16,S
-95,P
-82,Q
83,T
,S
-79,P
,S
-65,S
-29,Q
21,P
39,R
62,T
-29,R
25,R
74,T
-24,Q
-52,R
64,P
45,T
-61,Q
3,P
-15,Q
62,T
,Q
-51,Q
27,T
-11,P
87,T
75,R
-70,Q
-17,T
-33,S
81,R
15,T
-64,Q
69,T
-53,P
-26,S
-85,T
5,Q
7,T
82,P
-17,P
6,Q
33,S
51,Q
-68,S
74,T
-86,S
79,Q
-14,Q
-38,P
,R
-40,P
-48,Q
14,P
93,T
54,S
66,S
-97,T
56,S
55,S
18,T
-10,P
-91,S
46,Q
,Q
96,R
-97,P
24,Q
70,S
-21,R
52,S
72,S
-61,T
-65,T
-15,S
-62,P
91,R
78,P
-65,Q
,Q
-100,R
85,R
8,T
-31,P
18,R
27,P
7,T
,R
-99,T
-8,T
-17,T
40,Q
32,T
-78,T
,P
-20,S
-84,T
44,T
70,S
49,S
40,T
-58,T
-14,P
29,R
64,R
75,S
,S
-48,T
8,P
47,S
54,T
70,T
-17,S
-26,T
-63,Q
-15,T
73,P
-54,Q
-17,S
-97,P
81,Q
10,R
60,Q
65,T
-4,R
-2,S
-39,T
47,P
-67,T
14,T
81,S
6,T
28,R
14,S
62,S
-84,Q
9,S
80,T
,S
3,S
-46,S
-35,S
69,P
-58,T
-57,S
72,T
-40,Q
-27,S
-36,P
-79,P
31,R
8,R
-73,R
-29,S
3,P
51,P
83,T
16,T
,Q
2,S
72,P
67,S
12,R
-19,T
69,P
-21,T
-27,S
42,R
79,S
10,T
-82,Q
-87,S
-93,Q
-59,Q
,S
-59,T
73,P
56,P
79,P
83,Q
73,S
-89,S
,R
,T
46,Q
80,R
56,S
-30,Q
-58,P
-24,S
,P
-69,S
-18,P
3,R
65,T
-92,S
,S
92,R
46,Q
-4,Q
25,S
-46,P
69,R
-68,Q
-38,T
-62,S
-62,Q
-86,R
,T
-23,P
-59,R
51,T
-54,T
17,Q
90,T
88,S
3,P
-14,Q
-11,P
16,P
-23,Q
-46,R
25,Q
94,T
60,Q
-40,R
80,T
5,P
-14,Q
-4,R
64,T
-93,R
-11,S
53,S
-17,T
-46,Q
-89,Q
83,Q
23,P
38,S
4,P
81,T
28,R
70,T
-22,S
-26,S
,S
-82,S
91,R
-18,P
-48,T
14,T
,Q
-72,Q
-55,Q
-18,Q
-97,T
63,T
0,Q
-42,Q
77,P
83,P
-52,S
8,P
-95,Q
27,R
-31,T
88,T
-37,S
28,P
45,T
23,S
-51,Q
2,S
10,Q
67,P
10,T
60,P
-25,T
7,P
-33,T
-51,R
-17,P
68,T
-93,P
-39,P
96,T
-51,S
81,T
-17,Q
32,Q
25,R
-38,T
-91,P
14,P
77,S
-69,S
-34,P
49,P
,T
,P
23,P
-2,T
-71,R
0,P
-44,T
-88,P
84,P
-54,R
,T
-77,T
8,Q
31,R
84,S
-20,T
80,T
-92,R
-9,T
-51,P
,P
-10,T
11,R
92,P
80,R
-49,S
-56,Q
-36,T
-93,R
-37,S
28,Q
-17,R
-53,S
-38,R
-27,T
-56,S
17,Q
-62,T
-37,T
99,R
-3,S
-2,T
77,S
72,R
-22,P
19,S
-1,T
81,Q
-70,R
-28,T
49,P
36,S
-66,P
44,Q
-95,T
-54,Q
-97,R
-65,R
-90,S
-89,R
92,R
-68,R
-8,P
1,S
-1,Q
-45,P
12,P
30,Q
64,S
-62,S
66,P
96,R
18,P
-19,S
-49,P
-80,P
-40,S
-62,R
-45,T
-40,R
-38,R
80,T
-22,P
-78,Q
-24,Q
25,T
-5,S
89,S
73,S
61,P
-80,Q
53,Q
-35,Q
97,T
-9,Q
73,Q
1,T
-3,R
-47,Q
51,P
96,P
-96,P
-37,Q
-46,R
76,Q
-62,T
-66,Q
63,R
-45,Q
78,T
38,P
89,P
15,P
-9,R
76,Q
82,Q
-89,Q
-82,P
-1,R
-93,S
-97,R
-55,R
-62,S
-59,Q
87,R
100,S
79,R
77,S
57,R
-77,R
77,T
50,S
-73,Q
-67,R
-99,P
99,S
0,Q
87,P
-32,T
70,S
53,R
79,P
34,R
11,T
35,P
-33,R
-2,R
44,S
83,R
47,P
11,P
61,S
,P
11,S
-89,S
-99,P
69,T
29,Q
-53,S
-6,T
,Q
-31,S
83,T
-68,P
89,R
94,T
-22,T
28,S
15,R
34,R
-8,P
58,S
-89,S
-26,T
-22,R
98,P
-62,P
32,S
-89,Q
-53,Q
-33,Q
-24,T
-69,T
-74,T
35,T
-33,R
8,Q
,Q
,R
57,T
-27,Q
69,Q
-3,S
-15,T
8,T
97,Q
77,Q
69,P
-83,P
-36,S
45,Q
21,T
-79,R
56,Q
35,R
41,R
-2,Q
-14,R
-95,S
78,R
17,P
-10,Q
5,Q
25,S
-45,P
-2,P
11,P
-88,S
-4,P
-49,P
-67,T
,P
28,Q
70,R
74,Q
-53,Q
14,R
,Q
15,S
-65,T
57,S
-81,S
65,T
-65,S
19,P
,Q
,T
-56,R
44,Q
-63,P
47,T
41,T
76,S
-54,S
-40,T
-27,T
-54,T
-27,S
100,T
,P
33,Q
-83,Q
-74,R
78,P
-28,T
90,Q
-49,Q
-41,S
38,T
-93,S
-43,T
-4,R
-97,T
-58,R
30,T
92,S
31,Q
33,P
38,T
6,T
77,P
14,P
-36,S
-98,Q
-37,P
-56,R
95,S
-55,S
77,R
61,P
-23,P
47,T
-47,P
-47,R
-82,P
6,R
16,Q
-23,R
-35,T
-15,T
,Q
-23,T
21,T
,Q
-50,Q
-8,S
68,P
-58,P
-57,Q
,P
-92,Q
-65,Q
49,S
31,P
-80,Q
18,T
-49,R
-42,P
-48,S
3,Q
-54,S
-76,R
25,R
-67,R
71,R
71,R
-87,Q
95,R
98,Q
52,Q
68,Q
-78,S
-95,R
-90,S
94,S
,Q
-35,T
24,Q
-6,S
83,P
45,T
40,P
-98,P
37,P
38,T
-21,T
-70,R
-81,R
22,P
-78,R
-63,Q
63,S
59,R
-62,R
-32,P
-63,T
11,Q
-15,T
23,T
51,P
89,T
-31,T
-35,P
-32,T
-1,P
-77,Q
45,T
-46,T
73,Q
-89,T
1,Q
49,P
71,P
-68,P
-64,Q
-31,R
-48,P
78,Q
-43,T
95,S
-74,T
-75,P
-4,S
24,Q
3,S
-20,P
22,Q
-32,Q
97,P
-59,R
,S
66,T
51,P
-53,Q
82,R
-75,T
99,T
47,Q
,S
64,T
44,P
-41,P
71,T
-74,P
46,S
-31,R
79,P
,S
0,Q
99,S
,Q
-75,Q
33,P
-66,R
7,S
-64,S
-41,R
70,R
-75,Q
-68,R
92,R
99,R
-56,P
-2,Q
47,S
,T
-64,T
-32,T
-81,S
77,S
-66,P
-83,S
-9,P
-61,R
,S
-69,S
-85,P
-72,S
-54,P
93,T
-17,R
-41,R
-40,P
-13,T
-1,T
-45,S
80,R
59,Q
-82,S
55,T
39,S
47,S
-43,R
9,P
10,S
13,Q
52,S
-7,R
-81,P
-99,T
2,R
96,R
-99,P
25,R
40,P
-35,Q
86,Q
-36,R
45,S
10,R
,P
-36,T
-84,Q
-3,Q
-23,P
-3,R
27,P
-23,R
15,S
61,R
-88,R
-78,S
-39,S
-40,P
92,Q
61,P
-7,P
-5,S
17,Q
88,T
-23,S
52,P
-17,R
-94,T
-17,R
-19,T
-68,T
73,P
50,Q
50,S
-55,S
-95,P
65,S
-79,Q
-24,T
-4,P
99,S
40,T
-98,P
11,S
7,R
,R
-7,T
36,S
37,R
-54,S
-19,S
-34,P
-25,P
-20,Q
-82,S
-45,T
,Q
-30,P
69,Q
-75,T
71,Q
-33,Q
5,P
-51,S
23,R
-16,Q
-66,S
-91,P
-19,R
-20,P
-46,Q
86,T
-86,R
25,R
22,R
-86,P
0,Q
-53,Q
8,T
-19,R
72,P
-84,P
-73,R
87,S
-85,P
-46,P
99,R
-10,R
,T
67,Q
-67,P
-73,R
0,T
81,R
-23,P
32,R
26,T
46,P
-11,S
44,T
-98,R
-49,Q
,S
-37,R
-8,R
-72,T
65,Q
71,P
89,Q
-100,P
94,S
-27,T
-78,S
88,P
43,Q
90,Q
-85,S
50,S
79,R
-67,T
-56,T
13,R
36,P
-71,R
86,S
-79,R
93,R
-79,P
-19,P
83,S
67,T
23,T
-47,S
76,S
-91,P
-64,T
-14,T
-39,R
95,P
12,P
,P
-19,T
90,Q
58,T
64,P
38,R
-41,P
68,Q
-35,R
-3,R
-71,S
62,P
75,P
42,S
2,Q
-12,S
72,R
-65,T
-37,T
30,S
-7,T
1,T
2,T
-70,P
-46,P
14,R
-19,T
97,S
-35,Q
88,Q
79,T
79,S
-35,Q
94,T
22,R
-15,Q
10,Q
-51,P
-6,P
45,P
-100,R
71,P
72,S
44,T
80,S
-56,S
26,T
4,P
-70,T
0,S
66,Q
18,R
17,T
84,R
70,Q
-91,T
,T
-33,R
-20,Q
-95,S
6,R
-3,R
45,P
-32,Q
-85,T
64,S
-75,S
7,Q
84,R
-55,P
39,P
22,T
-86,S
50,R
84,T
-28,S
57,S
-65,T
-95,S
54,Q
35,P
-78,S
-38,R
100,P
-60,Q
,P
,T
46,R
83,R
45,Q
,S
53,S
,R
,Q
-72,S
97,T
,R
87,Q
58,S
46,S
12,T
-88,S
4,R
,S
78,S
50,R
-94,S
-66,P
-40,Q
-19,P
4,P
-32,T
-68,T
-4,Q
-27,R
-42,P
84,T
-26,Q
98,T
91,S
10,Q
63,P
74,R
39,S
-44,Q
69,T
-21,S
-28,R
42,P
59,S
96,Q
-84,P
-71,R
-35,R
-54,T
-29,P
23,S
89,R
-28,Q
49,P
-97,P
96,P
78,T
3,P
54,P
-81,Q
30,P
-99,Q
43,R
-82,S
59,R
-35,P
-58,Q
16,S
-58,R
72,P
-86,S
62,Q
77,Q
79,T
-54,T
-27,S
9,S
-39,Q
-16,R
86,S
-45,S
77,T
69,P
68,S
,T
18,Q
54,T
-63,T
42,Q
-15,P
11,R
94,P
-92,Q
-91,P
32,S
-44,S
-72,Q
-15,S
23,S
-60,R
-61,Q
80,P
37,T
-28,R
-53,S
85,R
-74,S
14,P
-34,Q
28,P
7,T
92,P
-50,P
30,S
-76,S
15,T
,T
56,S
3,T
,Q
-76,R
-46,P
82,S
-99,T
7,R
12,Q
21,P
22,T
45,P
-32,T
,S
-28,R
58,Q
93,Q
22,P
44,T
-71,R
2,Q
-2,R
61,Q
-33,P
-44,P
,R
-11,Q
61,T
-1,T
41,S
63,R
34,Q
51,Q
90,T
-3,P
19,Q
44,P
33,P
14,S
-86,R
-12,Q
-64,Q
2,P
-71,R
19,R
-60,T
11,P
35,R
57,S
86,R
-58,Q
-7,P
75,T
44,T
84,S
94,S
66,P
9,Q
-13,S
-97,S
61,S
-29,S
21,Q
50,T
-76,R
41,Q
-35,S
-4,T
3,R
-84,R
40,S
56,R
87,T
-66,T
-80,R
43,P
-37,T
54,Q
-7,S
-100,R
27,P
-13,Q
-46,R
-9,R
35,R
-85,Q
,Q
-20,R
-93,Q
94,P
66,T
72,S
19,R
-82,R
-54,Q
53,R
-30,S
12,S
51,R
-88,Q
13,Q
42,T
-63,T
16,S
-64,Q
33,S
-72,S
,T
-61,Q
71,S
,P
23,R
-44,R
-91,Q
-47,T
-51,Q
0,P
67,P
-64,S
-70,Q
14,R
38,P
-77,S
-67,Q
62,P
15,P
-21,S
92,P
20,S
64,R
73,R
68,R
83,T
74,T
66,P
-9,P
-64,S
44,S
-18,Q
-62,Q
24,T
48,P
-100,S
26,T
-10,S
-34,S
2,S
-64,T
4,P
53,T
-82,S
54,R
-8,T
-98,Q
43,S
-53,Q
-72,Q
-40,T
53,R
-26,R
53,P
-36,P
58,P
-30,Q
13,Q
-72,T
58,R
-26,P
-73,T
-7,Q
8,R
-50,P
-7,T
-94,Q
-84,R
43,Q
100,S
,R
21,S
-63,P
-90,T
97,S
68,S
29,S
4,P
-79,S
22,R
-61,T
-59,T
2,T
29,Q
-29,S
-59,T
-54,T
-82,S
4,P
-44,S
-51,S
,P
38,T
8,R
53,S
-20,R
58,P
-31,T
-96,S
-87,R
-47,T
,S
14,T
45,S
72,T
28,T
-39,S
80,T
22,S
90,S
-62,P
24,S
-82,T
68,S
84,S
74,P
53,R
70,T
-19,R
-76,P
80,S
59,T
85,T
43,R
72,R
-19,S
-100,S
35,S
62,P
4,S
-39,P
-17,Q
-31,S
-94,P
-47,S
28,Q
0,P
83,P
-34,R
-16,T
-9,T
18,P
13,P
-11,T
-43,R
-54,R
32,Q
-100,P
5,R
-58,Q
-66,T
72,T
13,Q
-14,P
-15,P
53,P
-58,R
100,R
98,R
20,Q
6,P
85,R
52,T
-87,R
42,P
22,T
-31,R
-72,R
-19,T
-4,S
75,S
31,P
20,T
15,Q
-12,T
54,P
-17,T
67,Q
-22,S
32,P
90,Q
-80,R
57,Q
92,S
29,T
-37,R
84,Q
27,P
-23,Q
,Q
-77,T
-48,P
-15,S
-11,T
-70,P
73,Q
62,Q
-34,Q
-27,P
60,P
39,P
,Q
-75,S
-31,S
1,Q
-6,S
5,P
12,R
-59,R
-17,Q
-77,R
-47,P
12,R
82,P
-52,S
71,S
-59,R
-36,S
,S
61,Q
32,T
-99,Q
39,P
33,T
83,Q
7,P
-35,Q
-57,R
-92,R
,Q
-84,S
,P
30,S
-51,S
-55,S
60,S
-74,P
-65,P
-13,R
21,P
-33,R
13,T
60,S
-80,P
,T
92,T
100,P
29,Q
-29,T
-58,R
49,Q
98,P
62,P
-88,P
-27,T
68,S
21,S
66,P
-65,Q
85,P
32,Q
22,T
57,R
-78,T
97,S
42,S
-85,Q
,P
-16,P
-59,R
-70,R
-7,R
81,R
86,S
-27,S
-70,T
-1,T
39,T
-9,Q
20,P
-21,P
47,S
-28,T
-32,Q
-68,P
-61,P
-14,R
33,R
-88,R
65,Q
-12,P
-59,R
85,T
95,T
-93,P
90,Q
-18,S
64,R
-72,T
-68,R
91,S
34,S
9,R
69,S
60,S
54,Q
-43,R
-43,T
-55,R
5,Q
18,R
52,Q
42,R
-24,P
-100,R
-55,P
96,R
,T
,P
67,T
-84,T
-7,Q
24,R
-23,S
63,Q
12,T
54,R
-2,T
68,Q
92,R
95,T
23,S
-31,R
-42,P
-36,T
66,P
34,R
-47,Q
-34,S
38,Q
48,S
-23,Q
66,Q
-43,R
7,R
-24,Q
-79,P
7,Q
-42,R
86,T
68,R
19,T
-72,T
-32,S
-50,S
-53,R
-10,P
-63,Q
-41,P
47,P
-24,R
-68,P
,Q
56,S
43,R
68,P
-91,R
28,P
74,R
14,T
-6,T
10,S
-24,S
57,Q
66,P
-29,R
91,S
-56,P
-23,P
-33,S
-37,R
-69,T
28,P
-95,S
38,S
3,S
-29,R
87,T
6,S
-92,P
34,R
77,S
-89,R
-95,R
,R
-42,Q
35,T
-53,T
91,P
-21,Q
77,Q
-64,S
-31,T
1,P
-75,S
77,Q
-89,R
2,Q
59,Q
-64,Q
-94,T
-27,S
73,T
53,T
-40,S
,R
37,Q
,T
79,P
-33,R
-31,P
-21,S
57,T
99,R
97,R
-98,T
-57,R
-41,P
18,Q
21,T
-23,R
98,P
36,T
62,R
-14,R
-62,Q
-51,Q
85,P
97,R
98,R
-82,P
-76,T
-97,S
-31,P
28,T
-58,P
-33,T
-43,Q
-45,S
71,Q
-6,T
-84,T
-91,Q
35,P
-75,Q
-41,R
-44,P
-86,Q
69,P
60,P
55,Q
96,P
-51,Q
69,P
-8,R
74,T
71,R
69,S
95,P
-23,P
0,R
-26,S
-62,P
-57,T
94,Q
5,S
37,P
-94,Q
37,T
-26,R
-100,R
28,S
33,T
79,R
83,Q
-55,P
-41,Q
87,S
50,T
86,P
-11,R
-87,T
-13,R
-46,R
-82,Q
-43,P
43,S
-51,T
60,P
94,P
-68,S
-4,R
-22,S
39,T
-17,R
16,Q
-7,Q
-59,P
17,T
33,R
36,P
16,T
-18,R
-67,Q
,Q
-50,P
-62,S
54,R
-90,R
-72,P
,S
-43,R
4,R
41,S
-18,T
-65,R
9,S
-55,T
-92,Q
51,P
-67,P
88,T
-75,Q
-97,S
-4,T
-69,R
-93,T
-5,S
22,P
14,T
-50,P
-90,R
-26,R
-15,R
,P
-41,P
-68,T
95,P
-59,T
-31,S
26,S
,Q
79,R
4,Q
-31,S
81,Q
32,Q
59,T
-31,Q
-67,P
34,R
10,S
-23,T
9,Q
42,T
16,Q
-40,S
-21,Q
-32,T
21,R
49,P
78,R
8,P
10,Q
-81,T
49,P
23,S
96,T
68,S
14,Q
-71,T
-25,T
,T
-12,S
60,R
58,T
-65,R
0,T
60,T
51,Q
-72,Q
48,R
-78,T
67,Q
-99,S
26,S
85,Q
-46,S
-95,P
-56,S
23,T
-89,R
20,Q
-85,S
65,R
16,R
-9,R
-54,Q
-37,S
76,Q
-71,Q
-16,T
-66,Q
12,R
54,S
-52,S
-97,T
78,Q
12,R
65,S
-23,P
43,R
84,S
49,Q
0,Q
64,T
85,R
-32,P
-61,T
,T
42,P
-80,S
-64,Q
-52,P
-11,P
32,S
85,T
18,P
-38,T
-87,T
-48,R
18,P
-25,R
24,Q
-31,S
-31,Q
-57,P
-13,R
42,T
20,Q
-22,Q
-95,P
-56,Q
-92,Q
-33,S
41,R
-43,T
-49,P
-61,Q
14,T
58,Q
-94,P
-12,T
-43,P
76,Q
-14,S
,S
-27,T
-79,P
-32,T
-75,S
57,P
35,Q
83,P
-42,S
9,S
-42,T
38,P
-68,R
-49,P
-40,P
-95,R
-10,T
-59,R
49,R
7,S
-25,P
-72,Q
-98,S
37,R
25,S
-74,S
17,Q
24,T
16,T
-89,P
17,S
-49,Q
-93,R
-98,R
95,T
96,R
-77,P
-96,P
,R
-45,R
-95,T
-4,R
87,R
-100,P
92,Q
12,Q
65,Q
2,R
50,S
-30,P
,T
-79,R
-58,Q
65,T
96,S
-77,Q
17,Q
-95,R
,T
-14,Q
-54,S
76,S
-1,Q
43,R
27,Q
82,Q
17,P
-56,T
-28,P
-20,Q
2,T
-87,Q
-53,P
11,S
-94,T
-18,T
95,P
-95,T
-67,T
-28,T
34,R
25,Q
-60,R
43,T
-51,P
-95,Q
100,R
-100,P
-42,R
-42,R
-56,S
,P
-96,R
-75,Q
-49,R
-2,R
3,P
-82,R
5,Q
-13,Q
-29,S
-76,R
-33,T
-9,P
81,R
-52,Q
-28,R
84,T
53,S
-62,R
-27,T
-65,T
20,R
-36,T
-33,R
44,R
72,Q
40,T
37,Q
73,P
-91,P
38,S
-32,S
-68,S
84,R
59,R
-10,S
46,P
83,Q
44,R
-44,T
31,R
49,P
-90,T
68,S
7,S
32,Q
36,S
24,P
-25,T
-83,S
13,P
68,P
75,T
20,S
59,R
57,P
-36,P
65,R
-33,S
97,R
-6,R
33,R
-51,S
42,P
9,P
-23,T
22,R
13,P
-66,P
92,T
99,R
76,S
-9,T
50,S
-30,S
33,P
-38,Q
94,T
99,R
72,T
-40,P
45,Q
-32,R
-23,S
-100,P
12,R
-94,R
-37,R
-11,R
-97,S
-51,R
-62,S
37,R
-77,S
,Q
70,P
90,Q
37,T
-28,Q
-93,Q
-68,P
49,T
,S
14,T
-85,P
37,P
68,T
6,R
-61,R
-66,S
,R
-87,Q
25,R
63,P
-64,Q
-64,Q
-22,T
23,S
43,T
96,Q
-55,Q
-71,T
99,Q
59,R
-41,S
37,P
-38,R
-66,P
-89,Q
-46,Q
-99,R
70,T
92,S
10,Q
98,S
-52,Q
-24,P
,T
-37,S
45,T
-55,S
-42,Q
-86,P
-5,S
-26,Q
-33,T
,S
-19,R
-55,Q
20,R
-10,R
-12,S
-84,Q
-21,P
71,P
10,Q
-46,R
9,P
-7,P
52,Q
87,T
-86,S
82,Q
,S
-2,P
83,T
-64,R
68,P
,T
-48,R
,T
-67,P
-27,T
-15,Q
-11,T
-17,R
-87,R
79,Q
-49,R
-6,S
30,T
91,Q
80,R
-81,R
-22,Q
38,P
,T
-99,R
-4,S
53,R
-98,P
90,P
-85,R
12,Q
-84,T
-73,P
48,P
-96,Q
-95,T
42,Q
44,R
-46,S
-100,Q
62,Q
37,S
21,S
73,R
,T
16,T
-21,S
55,T
-19,Q
-30,S
-10,P
-74,S
,S
63,Q
9,T
,S
85,R
-93,R
-84,T
,R
-74,P
-37,T
48,R
-80,T
45,Q
-44,P
-19,T
-69,T
39,T
14,Q
-24,Q
-13,S
-32,P
98,P
-33,R
-92,T
-99,T
75,S
-25,Q
64,R
,P
45,T
71,Q
-27,P
50,T
,S
-61,P
75,Q
99,R
91,R
-2,T
-31,R
-67,Q
-53,R
79,Q
-57,R
53,T
66,S
-8,R
38,R
31,R
7,R
81,R
-24,R
-51,Q
-15,Q
-13,R
63,P
,Q
36,T
-15,T
81,P
-31,Q
89,Q
-24,T
-47,R
35,T
62,Q
0,R
-3,S
,Q
94,T
38,R
-5,P
,P
-57,S
-5,T
47,R
-95,S
-75,S
-38,T
,T
-75,S
-59,S
-29,S
-78,S
60,P
-80,S
-36,R
-33,R
22,Q
45,R
-100,T
45,S
75,P
,P
-44,T
-27,P
,P
-55,P
46,T
89,Q
-35,Q
-17,T
-11,S
-45,R
-64,Q
-32,R
-68,R
51,Q
-97,P
-17,R
7,T
-42,P
-8,S
-62,S
98,Q
63,Q
35,P
-27,T
17,P
72,R
-57,T
81,S
0,S
-28,S
,R
-82,Q
81,T
28,P
69,R
52,T
0,R
-82,R
-61,Q
-76,R
-49,R
-74,T
-21,Q
50,P
89,Q
79,S
29,S
-54,T
-20,T
84,P
-64,P
-95,P
-56,S
-19,P
20,S
-35,R
61,Q
-23,T
60,T
-83,Q
-85,T
,Q
5,S
13,P
81,P
-26,P
-5,R
86,Q
-44,Q
-32,P
2,T
94,Q
-40,Q
-67,S
81,S
-38,T
-28,Q
4,S
72,P
67,T
12,Q
-9,T
6,R
-96,Q
10,S
14,R
-32,T
82,T
95,T
66,R
-69,S
7,Q
-36,T
-6,R
-23,R
-71,R
-63,T
-43,T
15,R
84,P
-65,P
-73,T
-95,P
-80,T
71,S
-1,R
88,T
21,S
-25,P
